storenumber,cutoverDay,validFrom,validTo
4,thursday,2026-09-24,2026-09-30
6,thursday,2026-09-24,2026-09-30
10,thursday,2026-09-24,2026-09-30
12,thursday,2026-09-24,2026-09-30
15,thursday,2026-09-24,2026-09-30
17,wednesday,2026-09-30,2026-10-06
19,thursday,2026-09-24,2026-09-30
21,thursday,2026-09-24,2026-09-30
22,thursday,2026-09-24,2026-09-30
23,thursday,2026-09-24,2026-09-30
24,thursday,2026-09-24,2026-09-30
26,wednesday,2026-09-30,2026-10-06
27,thursday,2026-09-24,2026-09-30
28,thursday,2026-09-24,2026-09-30
31,thursday,2026-09-24,2026-09-30
32,thursday,2026-09-24,2026-09-30
33,wednesday,2026-09-30,2026-10-06
35,wednesday,2026-09-30,2026-10-06
42,wednesday,2026-09-30,2026-10-06
44,thursday,2026-09-24,2026-09-30
45,wednesday,2026-09-30,2026-10-06
49,wednesday,2026-09-30,2026-10-06
50,thursday,2026-09-24,2026-09-30
51,thursday,2026-09-24,2026-09-30
53,thursday,2026-09-24,2026-09-30
54,thursday,2026-09-24,2026-09-30
55,thursday,2026-10-01,2026-10-07
56,thursday,2026-09-24,2026-09-30
61,thursday,2026-09-24,2026-09-30
62,thursday,2026-09-24,2026-09-30
67,wednesday,2026-09-30,2026-10-06
69,thursday,2026-09-24,2026-09-30
70,thursday,2026-09-24,2026-09-30
73,thursday,2026-09-24,2026-09-30
74,wednesday,2026-09-30,2026-10-06
75,wednesday,2026-09-30,2026-10-06
84,thursday,2026-09-24,2026-09-30
86,wednesday,2026-09-30,2026-10-06
91,thursday,2026-09-24,2026-09-30
92,wednesday,2026-09-30,2026-10-06
94,thursday,2026-09-24,2026-09-30
95,thursday,2026-09-24,2026-09-30
97,thursday,2026-09-24,2026-09-30
99,thursday,2026-09-24,2026-09-30
102,thursday,2026-09-24,2026-09-30
103,thursday,2026-09-24,2026-09-30
111,thursday,2026-09-24,2026-09-30
114,thursday,2026-09-24,2026-09-30
118,thursday,2026-09-24,2026-09-30
119,wednesday,2026-09-30,2026-10-06
122,wednesday,2026-09-30,2026-10-06
123,wednesday,2026-09-30,2026-10-06
126,thursday,2026-09-24,2026-09-30
127,thursday,2026-09-24,2026-09-30
128,thursday,2026-09-24,2026-09-30
129,thursday,2026-09-24,2026-09-30
133,thursday,2026-09-24,2026-09-30
140,thursday,2026-09-24,2026-09-30
142,wednesday,2026-09-30,2026-10-06
144,thursday,2026-09-24,2026-09-30
146,wednesday,2026-09-30,2026-10-06
148,thursday,2026-09-24,2026-09-30
153,wednesday,2026-09-30,2026-10-06
155,wednesday,,
157,thursday,2026-09-17,2026-09-23
160,wednesday,2026-09-30,2026-10-06
162,thursday,2026-09-24,2026-09-30
165,wednesday,2026-09-30,2026-10-06
167,thursday,2026-09-24,2026-09-30
176,wednesday,2026-09-30,2026-10-06
179,thursday,2026-09-24,2026-09-30
180,thursday,2026-09-24,2026-09-30
181,thursday,2026-09-24,2026-09-30
182,wednesday,2026-09-30,2026-10-06
184,thursday,2026-09-24,2026-09-30
188,thursday,2026-09-24,2026-09-30
205,wednesday,2026-09-30,2026-10-06
209,wednesday,2026-09-30,2026-10-06
212,thursday,2026-09-24,2026-09-30
215,thursday,,
223,thursday,2026-09-24,2026-09-30
226,wednesday,2026-09-30,2026-10-06
227,thursday,2026-09-24,2026-09-30
228,thursday,2026-09-24,2026-09-30
229,thursday,2026-09-24,2026-09-30
235,thursday,2026-09-24,2026-09-30
238,thursday,2026-09-24,2026-09-30
239,thursday,2026-10-01,2026-10-07
240,thursday,2026-09-24,2026-09-30
242,thursday,2026-09-24,2026-09-30
246,thursday,2026-09-24,2026-09-30
252,thursday,2026-09-24,2026-09-30
263,thursday,2026-09-24,2026-09-30
266,thursday,2026-09-24,2026-09-30
269,wednesday,2026-09-30,2026-10-06
279,thursday,2026-09-24,2026-09-30
280,wednesday,2026-09-30,2026-10-06
282,wednesday,2026-09-30,2026-10-06
284,thursday,2026-09-24,2026-09-30
287,thursday,2026-09-24,2026-09-30
293,thursday,2026-09-24,2026-09-30
294,thursday,2026-09-24,2026-09-30
302,thursday,2026-09-24,2026-09-30
303,thursday,2026-09-24,2026-09-30
305,thursday,,
306,thursday,2026-09-24,2026-09-30
313,thursday,2026-09-24,2026-09-30
324,thursday,2026-09-24,2026-09-30
327,thursday,2026-09-24,2026-09-30
328,thursday,2026-09-24,2026-09-30
331,thursday,2026-09-24,2026-09-30
340,thursday,2026-09-24,2026-09-30
343,thursday,2026-09-24,2026-09-30
348,thursday,2026-09-24,2026-09-30
353,thursday,2026-09-24,2026-09-30
360,wednesday,2026-09-30,2026-10-06
361,thursday,2026-09-24,2026-09-30
368,thursday,2026-09-24,2026-09-30
369,thursday,2026-09-24,2026-09-30
371,thursday,2026-09-24,2026-09-30
372,thursday,2026-09-24,2026-09-30
374,thursday,2026-10-01,2026-10-07
375,thursday,2026-09-24,2026-09-30
379,thursday,2026-09-24,2026-09-30
383,wednesday,2026-09-30,2026-10-06
385,thursday,2026-09-24,2026-09-30
386,thursday,2026-09-24,2026-09-30
388,thursday,2026-09-24,2026-09-30
393,thursday,2026-09-24,2026-09-30
395,thursday,2026-09-24,2026-09-30
396,thursday,2026-09-24,2026-09-30
398,thursday,2026-09-24,2026-09-30
399,thursday,2026-09-24,2026-09-30
401,thursday,2026-09-24,2026-09-30
402,thursday,2026-09-24,2026-09-30
405,thursday,2026-09-24,2026-09-30
406,thursday,2026-09-24,2026-09-30
409,thursday,2026-09-24,2026-09-30
410,thursday,2026-09-24,2026-09-30
413,thursday,2026-09-24,2026-09-30
414,thursday,2026-09-24,2026-09-30
415,thursday,2026-09-24,2026-09-30
418,thursday,2026-09-24,2026-09-30
420,thursday,2026-09-24,2026-09-30
421,thursday,2026-09-24,2026-09-30
422,thursday,2026-09-24,2026-09-30
424,thursday,2026-09-24,2026-09-30
425,thursday,2026-09-24,2026-09-30
426,thursday,2026-09-24,2026-09-30
427,thursday,2026-09-24,2026-09-30
428,thursday,2026-09-24,2026-09-30
429,thursday,2026-09-24,2026-09-30
430,wednesday,2026-09-30,2026-10-06
431,wednesday,2026-09-30,2026-10-06
432,thursday,2026-09-24,2026-09-30
433,thursday,2026-09-24,2026-09-30
434,thursday,2026-09-24,2026-09-30
435,thursday,2026-09-24,2026-09-30
436,thursday,2026-09-24,2026-09-30
442,thursday,2026-09-24,2026-09-30
446,thursday,2026-09-24,2026-09-30
447,thursday,2026-09-24,2026-09-30
448,thursday,2026-09-24,2026-09-30
449,wednesday,2026-09-30,2026-10-06
450,wednesday,2026-09-30,2026-10-06
451,wednesday,2026-09-30,2026-10-06
452,thursday,2026-09-24,2026-09-30
453,thursday,2026-09-24,2026-09-30
454,thursday,2026-09-24,2026-09-30
456,wednesday,2026-09-30,2026-10-06
457,thursday,2026-09-24,2026-09-30
458,thursday,2026-09-24,2026-09-30
461,wednesday,2026-09-30,2026-10-06
463,wednesday,2026-09-30,2026-10-06
464,wednesday,,
467,thursday,2026-09-24,2026-09-30
468,wednesday,2026-09-30,2026-10-06
469,wednesday,2026-09-23,2026-09-29
470,wednesday,2026-09-30,2026-10-06
472,wednesday,2026-09-30,2026-10-06
473,wednesday,2026-09-30,2026-10-06
474,wednesday,2026-09-30,2026-10-06
475,thursday,2026-09-24,2026-09-30
478,thursday,2026-09-24,2026-09-30
480,wednesday,2026-09-30,2026-10-06
481,wednesday,2026-09-30,2026-10-06
483,wednesday,2026-09-30,2026-10-06
484,thursday,2026-09-24,2026-09-30
485,wednesday,2026-09-30,2026-10-06
486,wednesday,2026-09-30,2026-10-06
487,thursday,2026-09-24,2026-09-30
488,thursday,2026-09-24,2026-09-30
491,thursday,2026-09-24,2026-09-30
493,thursday,2026-09-24,2026-09-30
494,wednesday,2026-09-30,2026-10-06
495,wednesday,2026-09-30,2026-10-06
496,wednesday,2026-09-30,2026-10-06
497,thursday,2026-09-24,2026-09-30
499,thursday,2026-09-24,2026-09-30
500,thursday,2026-09-24,2026-09-30
501,thursday,2026-09-24,2026-09-30
502,thursday,2026-09-24,2026-09-30
503,wednesday,2026-09-30,2026-10-06
504,thursday,2026-09-24,2026-09-30
505,wednesday,2026-09-30,2026-10-06
506,wednesday,2026-09-30,2026-10-06
507,thursday,2026-09-24,2026-09-30
508,wednesday,2026-09-30,2026-10-06
509,thursday,2026-09-24,2026-09-30
510,thursday,2026-09-24,2026-09-30
511,thursday,2026-09-24,2026-09-30
512,wednesday,2026-09-30,2026-10-06
514,wednesday,2026-09-23,2026-09-29
515,wednesday,2026-09-23,2026-09-29
516,thursday,2026-09-24,2026-09-30
518,thursday,2026-09-24,2026-09-30
519,wednesday,2026-09-23,2026-09-29
521,wednesday,2026-09-23,2026-09-29
522,wednesday,2026-09-23,2026-09-29
523,thursday,2026-09-24,2026-09-30
524,thursday,2026-09-24,2026-09-30
525,wednesday,2026-09-23,2026-09-29
526,wednesday,2026-09-23,2026-09-29
527,thursday,2026-09-24,2026-09-30
528,thursday,2026-09-24,2026-09-30
529,thursday,2026-09-24,2026-09-30
530,wednesday,2026-09-23,2026-09-29
531,wednesday,2026-09-23,2026-09-29
532,thursday,2026-09-24,2026-09-30
533,thursday,2026-09-24,2026-09-30
534,wednesday,2026-09-23,2026-09-29
536,wednesday,2026-09-23,2026-09-29
537,thursday,2026-09-24,2026-09-30
538,wednesday,2026-09-23,2026-09-29
539,wednesday,2026-09-23,2026-09-29
540,wednesday,2026-09-23,2026-09-29
541,wednesday,2026-09-23,2026-09-29
542,thursday,,
543,wednesday,2026-09-23,2026-09-29
546,wednesday,2026-09-23,2026-09-29
547,wednesday,2026-09-23,2026-09-29
548,wednesday,2026-09-23,2026-09-29
549,thursday,2026-09-24,2026-09-30
550,thursday,2026-09-24,2026-09-30
551,thursday,2026-09-24,2026-09-30
552,thursday,2026-09-24,2026-09-30
553,thursday,2026-09-24,2026-09-30
554,wednesday,2026-09-23,2026-09-29
555,thursday,2026-09-24,2026-09-30
556,wednesday,2026-09-23,2026-09-29
557,thursday,2026-09-24,2026-09-30
559,wednesday,2026-09-23,2026-09-29
560,wednesday,2026-09-23,2026-09-29
561,wednesday,2026-09-23,2026-09-29
562,wednesday,2026-09-23,2026-09-29
563,wednesday,2026-09-23,2026-09-29
564,wednesday,2026-09-23,2026-09-29
565,wednesday,2026-09-23,2026-09-29
566,wednesday,2026-09-23,2026-09-29
567,thursday,2026-09-24,2026-09-30
568,thursday,2026-09-24,2026-09-30
569,wednesday,2026-09-23,2026-09-29
571,thursday,2026-09-24,2026-09-30
573,wednesday,2026-09-23,2026-09-29
574,wednesday,2026-09-23,2026-09-29
575,thursday,2026-09-24,2026-09-30
577,thursday,2026-09-24,2026-09-30
578,thursday,2026-09-24,2026-09-30
579,wednesday,2026-09-23,2026-09-29
581,thursday,2026-09-24,2026-09-30
582,thursday,2026-09-24,2026-09-30
583,thursday,2026-09-24,2026-09-30
584,thursday,2026-09-24,2026-09-30
585,wednesday,2026-09-23,2026-09-29
586,thursday,2026-09-24,2026-09-30
587,wednesday,2026-09-23,2026-09-29
588,thursday,2026-09-24,2026-09-30
589,thursday,2026-09-24,2026-09-30
590,thursday,2026-09-24,2026-09-30
591,thursday,2026-09-24,2026-09-30
593,wednesday,2026-09-23,2026-09-29
596,wednesday,2026-09-23,2026-09-29
597,wednesday,2026-09-23,2026-09-29
598,wednesday,2026-09-23,2026-09-29
599,wednesday,2026-09-23,2026-09-29
600,thursday,2026-09-24,2026-09-30
602,wednesday,2026-09-23,2026-09-29
603,wednesday,2026-09-23,2026-09-29
604,thursday,2026-09-24,2026-09-30
605,thursday,2026-09-24,2026-09-30
606,thursday,2026-09-24,2026-09-30
607,thursday,2026-09-24,2026-09-30
608,wednesday,2026-09-23,2026-09-29
610,thursday,2026-09-24,2026-09-30
611,thursday,2026-09-24,2026-09-30
612,wednesday,2026-09-23,2026-09-29
614,thursday,2026-09-24,2026-09-30
615,wednesday,2026-09-23,2026-09-29
616,wednesday,2026-09-23,2026-09-29
617,wednesday,2026-09-23,2026-09-29
618,thursday,2026-09-24,2026-09-30
619,thursday,2026-09-24,2026-09-30
620,thursday,2026-09-24,2026-09-30
621,thursday,2026-09-24,2026-09-30
622,thursday,2026-09-24,2026-09-30
624,wednesday,2026-09-23,2026-09-29
626,wednesday,2026-09-23,2026-09-29
627,thursday,2026-09-24,2026-09-30
628,thursday,2026-09-24,2026-09-30
629,thursday,2026-09-24,2026-09-30
630,thursday,2026-09-24,2026-09-30
631,thursday,2026-09-24,2026-09-30
632,wednesday,2026-09-23,2026-09-29
633,wednesday,2026-09-23,2026-09-29
634,wednesday,2026-09-23,2026-09-29
635,thursday,2026-09-24,2026-09-30
636,wednesday,2026-09-23,2026-09-29
637,thursday,2026-09-24,2026-09-30
638,thursday,2026-09-24,2026-09-30
639,thursday,2026-09-24,2026-09-30
640,thursday,2026-09-24,2026-09-30
641,thursday,2026-09-24,2026-09-30
643,thursday,2026-09-24,2026-09-30
644,thursday,2026-09-24,2026-09-30
645,thursday,2026-09-24,2026-09-30
646,wednesday,2026-09-23,2026-09-29
647,wednesday,2026-09-23,2026-09-29
648,thursday,2026-09-24,2026-09-30
649,thursday,2026-09-24,2026-09-30
650,wednesday,2026-09-23,2026-09-29
651,thursday,2026-09-24,2026-09-30
652,thursday,2026-09-24,2026-09-30
653,thursday,2026-09-24,2026-09-30
654,thursday,2026-09-24,2026-09-30
655,thursday,2026-09-24,2026-09-30
656,wednesday,2026-09-23,2026-09-29
657,thursday,2026-09-24,2026-09-30
658,thursday,2026-09-24,2026-09-30
659,thursday,2026-09-24,2026-09-30
660,thursday,2026-09-24,2026-09-30
662,thursday,2026-09-24,2026-09-30
663,thursday,2026-09-24,2026-09-30
664,wednesday,2026-09-23,2026-09-29
665,wednesday,2026-09-23,2026-09-29
667,thursday,2026-09-24,2026-09-30
668,thursday,2026-09-24,2026-09-30
669,thursday,2026-09-24,2026-09-30
670,wednesday,2026-09-23,2026-09-29
671,thursday,2026-09-24,2026-09-30
672,wednesday,2026-09-23,2026-09-29
673,thursday,2026-09-24,2026-09-30
674,thursday,2026-09-24,2026-09-30
675,thursday,2026-09-24,2026-09-30
676,thursday,2026-09-24,2026-09-30
677,wednesday,2026-09-23,2026-09-29
678,thursday,2026-09-24,2026-09-30
679,thursday,2026-09-24,2026-09-30
680,thursday,2026-09-24,2026-09-30
681,thursday,2026-09-24,2026-09-30
682,thursday,2026-09-24,2026-09-30
683,thursday,2026-09-24,2026-09-30
684,thursday,2026-09-24,2026-09-30
685,thursday,2026-09-24,2026-09-30
686,thursday,2026-09-24,2026-09-30
687,wednesday,2026-09-23,2026-09-29
688,thursday,2026-09-24,2026-09-30
690,thursday,2026-09-24,2026-09-30
691,wednesday,2026-09-23,2026-09-29
692,thursday,2026-09-24,2026-09-30
693,thursday,2026-09-24,2026-09-30
694,wednesday,2026-09-23,2026-09-29
695,thursday,2026-09-24,2026-09-30
696,thursday,2026-09-24,2026-09-30
697,thursday,2026-09-24,2026-09-30
698,thursday,2026-09-24,2026-09-30
699,thursday,2026-09-24,2026-09-30
700,wednesday,2026-09-23,2026-09-29
701,thursday,2026-09-24,2026-09-30
702,thursday,2026-09-24,2026-09-30
703,thursday,2026-09-24,2026-09-30
704,thursday,2026-09-24,2026-09-30
705,thursday,2026-09-24,2026-09-30
706,wednesday,2026-09-23,2026-09-29
707,thursday,2026-09-24,2026-09-30
708,thursday,2026-09-24,2026-09-30
709,thursday,2026-09-24,2026-09-30
710,thursday,2026-09-24,2026-09-30
711,wednesday,2026-09-23,2026-09-29
712,thursday,2026-09-24,2026-09-30
713,thursday,2026-09-24,2026-09-30
714,thursday,2026-09-24,2026-09-30
715,thursday,2026-09-24,2026-09-30
716,thursday,2026-09-24,2026-09-30
717,wednesday,2026-09-23,2026-09-29
718,wednesday,2026-09-23,2026-09-29
719,wednesday,2026-09-23,2026-09-29
720,wednesday,2026-09-23,2026-09-29
721,wednesday,2026-09-23,2026-09-29
722,wednesday,2026-09-23,2026-09-29
723,wednesday,2026-09-23,2026-09-29
724,wednesday,2026-09-23,2026-09-29
725,wednesday,2026-09-23,2026-09-29
726,wednesday,2026-09-23,2026-09-29
727,thursday,2026-09-24,2026-09-30
728,thursday,2026-09-24,2026-09-30
730,wednesday,2026-09-23,2026-09-29
732,thursday,2026-09-24,2026-09-30
733,thursday,2026-09-24,2026-09-30
734,thursday,2026-09-24,2026-09-30
735,thursday,2026-09-24,2026-09-30
736,thursday,2026-09-24,2026-09-30
737,thursday,2026-09-24,2026-09-30
738,thursday,2026-09-24,2026-09-30
739,thursday,2026-09-24,2026-09-30
740,thursday,2026-09-24,2026-09-30
741,thursday,2026-09-24,2026-09-30
742,thursday,2026-09-24,2026-09-30
743,thursday,2026-09-24,2026-09-30
744,wednesday,2026-09-23,2026-09-29
746,thursday,2026-09-24,2026-09-30
747,thursday,2026-09-24,2026-09-30
748,thursday,2026-09-24,2026-09-30
749,thursday,2026-09-24,2026-09-30
750,thursday,2026-09-24,2026-09-30
751,thursday,2026-09-24,2026-09-30
752,wednesday,2026-09-23,2026-09-29
753,wednesday,2026-09-23,2026-09-29
754,thursday,2026-09-24,2026-09-30
755,thursday,2026-09-24,2026-09-30
756,thursday,2026-09-24,2026-09-30
757,thursday,2026-09-24,2026-09-30
758,thursday,2026-09-24,2026-09-30
759,thursday,2026-09-24,2026-09-30
760,thursday,2026-09-24,2026-09-30
761,thursday,2026-09-24,2026-09-30
762,wednesday,2026-09-23,2026-09-29
763,thursday,2026-09-24,2026-09-30
764,wednesday,2026-09-23,2026-09-29
765,wednesday,2026-09-23,2026-09-29
766,wednesday,2026-09-23,2026-09-29
767,thursday,2026-09-24,2026-09-30
768,thursday,2026-09-24,2026-09-30
769,wednesday,2026-09-23,2026-09-29
770,thursday,2026-09-24,2026-09-30
772,thursday,2026-09-24,2026-09-30
773,wednesday,2026-09-23,2026-09-29
774,thursday,2026-09-24,2026-09-30
775,thursday,2026-09-24,2026-09-30
776,wednesday,2026-09-23,2026-09-29
777,thursday,2026-09-24,2026-09-30
778,thursday,2026-09-24,2026-09-30
779,thursday,2026-09-24,2026-09-30
780,thursday,2026-09-24,2026-09-30
781,thursday,2026-09-24,2026-09-30
782,thursday,2026-09-24,2026-09-30
783,wednesday,2026-09-23,2026-09-29
784,thursday,2026-09-24,2026-09-30
785,thursday,2026-09-24,2026-09-30
786,wednesday,2026-09-23,2026-09-29
787,thursday,2026-09-24,2026-09-30
788,thursday,2026-09-24,2026-09-30
789,wednesday,2026-09-23,2026-09-29
791,thursday,2026-09-24,2026-09-30
792,thursday,2026-09-24,2026-09-30
793,thursday,2026-09-24,2026-09-30
794,thursday,2026-09-24,2026-09-30
795,thursday,2026-09-24,2026-09-30
796,thursday,2026-10-01,2026-10-07
797,thursday,2026-09-24,2026-09-30
798,thursday,2026-09-24,2026-09-30
799,wednesday,2026-09-23,2026-09-29
801,wednesday,2026-09-23,2026-09-29
802,thursday,2026-09-24,2026-09-30
803,wednesday,2026-09-23,2026-09-29
805,thursday,2026-09-24,2026-09-30
810,thursday,2026-09-24,2026-09-30
811,thursday,2026-09-24,2026-09-30
812,thursday,2026-09-24,2026-09-30
813,thursday,2026-10-01,2026-10-07
814,thursday,2026-09-24,2026-09-30
815,thursday,2026-09-24,2026-09-30
816,wednesday,2026-09-23,2026-09-29
817,thursday,2026-09-24,2026-09-30
818,thursday,2026-09-24,2026-09-30
819,thursday,2026-09-24,2026-09-30
820,thursday,2026-09-24,2026-09-30
821,thursday,2026-09-24,2026-09-30
822,thursday,2026-09-24,2026-09-30
823,wednesday,2026-09-23,2026-09-29
824,wednesday,2026-09-23,2026-09-29
825,wednesday,2026-09-23,2026-09-29
826,thursday,2026-09-24,2026-09-30
827,thursday,2026-09-24,2026-09-30
828,thursday,2026-09-24,2026-09-30
829,wednesday,2026-09-23,2026-09-29
830,thursday,2026-09-24,2026-09-30
831,thursday,2026-09-24,2026-09-30
832,thursday,2026-09-24,2026-09-30
833,thursday,2026-09-24,2026-09-30
834,thursday,2026-09-24,2026-09-30
835,thursday,2026-09-24,2026-09-30
836,thursday,2026-09-24,2026-09-30
837,thursday,2026-09-24,2026-09-30
838,wednesday,2026-09-23,2026-09-29
839,wednesday,2026-09-23,2026-09-29
840,thursday,2026-09-24,2026-09-30
841,wednesday,2026-09-23,2026-09-29
842,wednesday,2026-09-23,2026-09-29
843,thursday,2026-09-24,2026-09-30
844,wednesday,2026-09-23,2026-09-29
845,wednesday,2026-09-23,2026-09-29
847,thursday,2026-09-24,2026-09-30
848,thursday,2026-09-24,2026-09-30
849,thursday,2026-09-24,2026-09-30
850,thursday,2026-09-24,2026-09-30
851,thursday,2026-09-24,2026-09-30
852,thursday,2026-09-24,2026-09-30
853,wednesday,2026-09-23,2026-09-29
854,thursday,2026-09-24,2026-09-30
855,thursday,2026-09-24,2026-09-30
856,thursday,2026-09-24,2026-09-30
857,thursday,2026-09-24,2026-09-30
859,wednesday,2026-09-23,2026-09-29
861,thursday,2026-10-01,2026-10-07
862,thursday,2026-09-24,2026-09-30
863,wednesday,2026-09-23,2026-09-29
864,thursday,2026-09-24,2026-09-30
865,thursday,2026-09-24,2026-09-30
866,thursday,2026-09-24,2026-09-30
867,thursday,2026-09-24,2026-09-30
871,thursday,2026-09-24,2026-09-30
872,thursday,2026-09-24,2026-09-30
873,thursday,2026-09-24,2026-09-30
874,wednesday,2026-09-23,2026-09-29
876,thursday,2026-09-24,2026-09-30
877,thursday,2026-09-24,2026-09-30
878,thursday,2026-09-24,2026-09-30
879,thursday,2026-09-24,2026-09-30
880,wednesday,2026-09-23,2026-09-29
881,thursday,2026-09-24,2026-09-30
882,wednesday,2026-09-23,2026-09-29
883,wednesday,2026-09-23,2026-09-29
884,thursday,2026-09-24,2026-09-30
885,wednesday,2026-09-23,2026-09-29
886,thursday,2026-09-24,2026-09-30
887,thursday,2026-09-24,2026-09-30
889,thursday,2026-09-24,2026-09-30
890,thursday,2026-09-24,2026-09-30
891,thursday,2026-09-24,2026-09-30
892,wednesday,2026-09-23,2026-09-29
893,thursday,2026-09-24,2026-09-30
894,thursday,2026-09-24,2026-09-30
895,thursday,2026-09-24,2026-09-30
896,wednesday,2026-09-23,2026-09-29
897,thursday,2026-09-24,2026-09-30
898,thursday,2026-09-24,2026-09-30
1003,thursday,2026-09-24,2026-09-30
1004,thursday,2026-09-24,2026-09-30
1005,wednesday,2026-09-23,2026-09-29
1006,thursday,2026-09-24,2026-09-30
1007,thursday,2026-09-24,2026-09-30
1008,wednesday,2026-09-23,2026-09-29
1009,thursday,2026-09-24,2026-09-30
1011,thursday,2026-09-24,2026-09-30
1012,wednesday,2026-09-23,2026-09-29
1013,thursday,2026-09-24,2026-09-30
1014,thursday,2026-09-24,2026-09-30
1015,thursday,2026-10-01,2026-10-07
1016,wednesday,2026-09-23,2026-09-29
1017,thursday,2026-09-24,2026-09-30
1018,thursday,2026-09-24,2026-09-30
1019,wednesday,2026-09-23,2026-09-29
1020,thursday,2026-09-24,2026-09-30
1021,wednesday,2026-09-23,2026-09-29
1022,thursday,2026-09-24,2026-09-30
1023,thursday,2026-09-24,2026-09-30
1024,wednesday,2026-09-23,2026-09-29
1025,wednesday,2026-09-23,2026-09-29
1026,wednesday,2026-09-23,2026-09-29
1027,wednesday,2026-09-23,2026-09-29
1028,thursday,2026-09-24,2026-09-30
1029,thursday,2026-09-24,2026-09-30
1030,thursday,2026-09-24,2026-09-30
1031,wednesday,2026-09-23,2026-09-29
1032,thursday,2026-09-24,2026-09-30
1033,wednesday,2026-09-23,2026-09-29
1034,thursday,2026-09-24,2026-09-30
1035,thursday,2026-09-24,2026-09-30
1036,thursday,2026-09-24,2026-09-30
1037,thursday,2026-09-24,2026-09-30
1038,thursday,2026-09-24,2026-09-30
1039,thursday,2026-09-24,2026-09-30
1040,thursday,2026-09-24,2026-09-30
1041,thursday,2026-09-24,2026-09-30
1042,thursday,2026-09-24,2026-09-30
1043,wednesday,2026-09-23,2026-09-29
1044,wednesday,2026-09-23,2026-09-29
1045,thursday,2026-09-24,2026-09-30
1046,thursday,2026-09-24,2026-09-30
1047,wednesday,2026-09-23,2026-09-29
1048,thursday,2026-09-24,2026-09-30
1049,thursday,2026-09-24,2026-09-30
1050,thursday,2026-09-24,2026-09-30
1051,thursday,2026-09-24,2026-09-30
1052,wednesday,2026-09-23,2026-09-29
1054,wednesday,2026-09-23,2026-09-29
1055,wednesday,2026-09-23,2026-09-29
1056,wednesday,2026-09-23,2026-09-29
1057,wednesday,2026-09-23,2026-09-29
1058,thursday,2026-09-24,2026-09-30
1059,wednesday,2026-09-23,2026-09-29
1060,wednesday,2026-09-23,2026-09-29
1061,wednesday,2026-09-23,2026-09-29
1062,thursday,2026-09-24,2026-09-30
1063,wednesday,2026-09-23,2026-09-29
1064,wednesday,2026-09-23,2026-09-29
1065,wednesday,2026-09-23,2026-09-29
1066,thursday,2026-09-24,2026-09-30
1067,thursday,2026-09-24,2026-09-30
1068,thursday,2026-09-24,2026-09-30
1069,wednesday,2026-09-23,2026-09-29
1070,thursday,2026-09-24,2026-09-30
1071,wednesday,2026-09-23,2026-09-29
1072,thursday,2026-09-24,2026-09-30
1073,wednesday,2026-09-23,2026-09-29
1074,wednesday,2026-09-23,2026-09-29
1075,wednesday,2026-09-23,2026-09-29
1076,thursday,2026-09-24,2026-09-30
1077,wednesday,2026-09-23,2026-09-29
1078,wednesday,2026-09-23,2026-09-29
1079,thursday,2026-09-24,2026-09-30
1080,thursday,2026-09-24,2026-09-30
1081,wednesday,2026-09-23,2026-09-29
1082,wednesday,2026-09-23,2026-09-29
1083,wednesday,2026-09-23,2026-09-29
1084,thursday,2026-09-24,2026-09-30
1085,wednesday,2026-09-23,2026-09-29
1086,wednesday,2026-09-23,2026-09-29
1087,wednesday,2026-09-23,2026-09-29
1088,thursday,2026-09-24,2026-09-30
1089,wednesday,2026-09-23,2026-09-29
1090,thursday,2026-09-24,2026-09-30
1091,wednesday,2026-09-23,2026-09-29
1092,thursday,2026-09-24,2026-09-30
1093,thursday,2026-09-24,2026-09-30
1094,thursday,2026-09-24,2026-09-30
1095,wednesday,2026-09-23,2026-09-29
1096,wednesday,2026-09-23,2026-09-29
1097,thursday,2026-09-24,2026-09-30
1098,thursday,2026-09-24,2026-09-30
1099,thursday,2026-09-24,2026-09-30
1101,thursday,2026-09-24,2026-09-30
1103,thursday,,
1104,thursday,2026-10-01,2026-10-07
1105,thursday,2026-09-24,2026-09-30
1106,thursday,2026-09-24,2026-09-30
1107,thursday,2026-09-24,2026-09-30
1108,thursday,2026-09-24,2026-09-30
1109,thursday,2026-09-24,2026-09-30
1110,wednesday,2026-09-23,2026-09-29
1111,thursday,2026-09-24,2026-09-30
1112,wednesday,2026-09-23,2026-09-29
1113,thursday,2026-09-24,2026-09-30
1114,thursday,2026-09-24,2026-09-30
1115,thursday,2026-09-24,2026-09-30
1116,wednesday,2026-09-23,2026-09-29
1117,thursday,2026-09-24,2026-09-30
1118,wednesday,2026-09-23,2026-09-29
1119,wednesday,2026-09-23,2026-09-29
1120,wednesday,2026-09-23,2026-09-29
1121,thursday,2026-09-24,2026-09-30
1122,thursday,2026-09-24,2026-09-30
1123,thursday,2026-09-24,2026-09-30
1124,thursday,2026-09-24,2026-09-30
1125,thursday,2026-09-24,2026-09-30
1126,wednesday,2026-09-23,2026-09-29
1127,thursday,2026-09-24,2026-09-30
1128,thursday,2026-09-24,2026-09-30
1129,thursday,2026-09-24,2026-09-30
1130,wednesday,2026-09-23,2026-09-29
1131,thursday,2026-09-24,2026-09-30
1132,thursday,2026-09-24,2026-09-30
1133,wednesday,2026-09-23,2026-09-29
1135,thursday,2026-09-24,2026-09-30
1136,thursday,2026-09-24,2026-09-30
1137,thursday,2026-09-24,2026-09-30
1138,thursday,2026-09-24,2026-09-30
1139,wednesday,2026-09-23,2026-09-29
1140,thursday,2026-09-24,2026-09-30
1141,wednesday,2026-09-23,2026-09-29
1142,thursday,2026-09-24,2026-09-30
1143,wednesday,2026-09-23,2026-09-29
1144,thursday,2026-09-24,2026-09-30
1145,wednesday,2026-09-23,2026-09-29
1146,wednesday,2026-09-23,2026-09-29
1147,thursday,2026-09-24,2026-09-30
1148,wednesday,2026-09-23,2026-09-29
1149,thursday,2026-09-24,2026-09-30
1150,thursday,2026-09-24,2026-09-30
1151,thursday,2026-09-24,2026-09-30
1152,thursday,2026-09-24,2026-09-30
1153,thursday,2026-09-24,2026-09-30
1154,wednesday,2026-09-23,2026-09-29
1155,thursday,2026-09-24,2026-09-30
1156,thursday,2026-09-24,2026-09-30
1158,thursday,2026-09-24,2026-09-30
1159,thursday,2026-10-01,2026-10-07
1160,thursday,2026-09-24,2026-09-30
1163,wednesday,2026-09-23,2026-09-29
1164,wednesday,2026-09-23,2026-09-29
1165,wednesday,2026-09-23,2026-09-29
1166,wednesday,2026-09-23,2026-09-29
1167,thursday,2026-09-24,2026-09-30
1168,thursday,2026-09-24,2026-09-30
1169,thursday,2026-09-24,2026-09-30
1170,thursday,2026-09-24,2026-09-30
1171,thursday,2026-09-24,2026-09-30
1172,wednesday,2026-09-23,2026-09-29
1173,wednesday,2026-09-23,2026-09-29
1174,thursday,2026-09-24,2026-09-30
1175,wednesday,2026-09-23,2026-09-29
1176,thursday,2026-09-24,2026-09-30
1177,thursday,2026-09-24,2026-09-30
1178,wednesday,2026-09-23,2026-09-29
1179,thursday,2026-09-24,2026-09-30
1180,thursday,2026-09-24,2026-09-30
1181,thursday,2026-09-24,2026-09-30
1182,thursday,2026-09-24,2026-09-30
1183,wednesday,2026-09-23,2026-09-29
1184,wednesday,2026-09-23,2026-09-29
1185,wednesday,2026-09-23,2026-09-29
1186,wednesday,2026-09-23,2026-09-29
1187,thursday,2026-09-24,2026-09-30
1188,wednesday,2026-09-23,2026-09-29
1189,wednesday,2026-09-23,2026-09-29
1191,thursday,2026-09-24,2026-09-30
1192,thursday,2026-09-24,2026-09-30
1193,thursday,2026-09-24,2026-09-30
1194,thursday,2026-09-24,2026-09-30
1195,thursday,2026-09-24,2026-09-30
1196,thursday,2026-09-24,2026-09-30
1198,thursday,2026-09-24,2026-09-30
1199,thursday,2026-09-24,2026-09-30
1200,wednesday,2026-09-23,2026-09-29
1201,thursday,2026-09-24,2026-09-30
1202,wednesday,2026-09-23,2026-09-29
1203,wednesday,2026-09-23,2026-09-29
1204,thursday,2026-09-24,2026-09-30
1205,wednesday,2026-09-23,2026-09-29
1206,wednesday,2026-09-23,2026-09-29
1207,wednesday,2026-09-23,2026-09-29
1208,thursday,2026-09-24,2026-09-30
1209,thursday,2026-09-24,2026-09-30
1210,thursday,2026-09-24,2026-09-30
1211,wednesday,2026-09-23,2026-09-29
1212,thursday,2026-09-24,2026-09-30
1213,wednesday,2026-09-23,2026-09-29
1214,thursday,2026-09-24,2026-09-30
1215,thursday,2026-09-24,2026-09-30
1216,thursday,2026-09-24,2026-09-30
1217,wednesday,2026-09-23,2026-09-29
1218,wednesday,2026-09-23,2026-09-29
1219,thursday,2026-09-24,2026-09-30
1220,wednesday,2026-09-23,2026-09-29
1221,thursday,2026-09-24,2026-09-30
1223,thursday,2026-09-24,2026-09-30
1225,wednesday,2026-09-23,2026-09-29
1226,wednesday,2026-09-23,2026-09-29
1227,wednesday,2026-09-23,2026-09-29
1228,wednesday,2026-09-23,2026-09-29
1229,thursday,2026-09-24,2026-09-30
1230,thursday,2026-09-24,2026-09-30
1231,thursday,2026-09-24,2026-09-30
1233,wednesday,2026-09-23,2026-09-29
1234,wednesday,2026-09-23,2026-09-29
1235,wednesday,2026-09-23,2026-09-29
1236,thursday,2026-09-24,2026-09-30
1237,thursday,2026-09-24,2026-09-30
1238,wednesday,2026-09-23,2026-09-29
1239,thursday,2026-09-24,2026-09-30
1241,wednesday,2026-09-23,2026-09-29
1243,thursday,2026-09-24,2026-09-30
1244,wednesday,2026-09-23,2026-09-29
1245,thursday,2026-09-24,2026-09-30
1246,thursday,2026-09-24,2026-09-30
1247,thursday,2026-09-24,2026-09-30
1248,wednesday,2026-09-23,2026-09-29
1250,wednesday,2026-09-23,2026-09-29
1251,wednesday,2026-09-23,2026-09-29
1252,thursday,2026-09-24,2026-09-30
1253,wednesday,2026-09-23,2026-09-29
1256,wednesday,2026-09-23,2026-09-29
1257,thursday,2026-09-24,2026-09-30
1258,wednesday,2026-09-23,2026-09-29
1259,thursday,2026-09-24,2026-09-30
1260,thursday,2026-09-24,2026-09-30
1262,thursday,2026-09-24,2026-09-30
1263,wednesday,2026-09-23,2026-09-29
1264,thursday,2026-09-24,2026-09-30
1265,wednesday,2026-09-23,2026-09-29
1266,wednesday,2026-09-23,2026-09-29
1267,thursday,2026-09-24,2026-09-30
1268,wednesday,2026-09-23,2026-09-29
1269,thursday,2026-09-24,2026-09-30
1270,thursday,2026-09-24,2026-09-30
1271,thursday,2026-09-24,2026-09-30
1273,thursday,2026-09-24,2026-09-30
1274,thursday,2026-09-24,2026-09-30
1275,thursday,2026-09-24,2026-09-30
1277,thursday,2026-09-24,2026-09-30
1278,thursday,2026-09-24,2026-09-30
1279,wednesday,2026-09-23,2026-09-29
1280,thursday,2026-09-24,2026-09-30
1281,wednesday,2026-09-23,2026-09-29
1282,thursday,2026-09-24,2026-09-30
1283,thursday,2026-09-24,2026-09-30
1284,thursday,2026-09-24,2026-09-30
1285,thursday,2026-09-24,2026-09-30
1286,wednesday,2026-09-23,2026-09-29
1287,thursday,2026-09-24,2026-09-30
1288,thursday,2026-09-24,2026-09-30
1289,thursday,2026-09-24,2026-09-30
1290,thursday,2026-09-24,2026-09-30
1291,wednesday,2026-09-23,2026-09-29
1292,wednesday,2026-09-23,2026-09-29
1294,wednesday,2026-09-23,2026-09-29
1295,thursday,2026-09-24,2026-09-30
1296,wednesday,2026-09-23,2026-09-29
1297,thursday,2026-09-24,2026-09-30
1298,wednesday,2026-09-23,2026-09-29
1300,thursday,2026-09-24,2026-09-30
1301,thursday,2026-09-24,2026-09-30
1302,thursday,2026-09-24,2026-09-30
1303,wednesday,2026-09-23,2026-09-29
1304,thursday,2026-09-24,2026-09-30
1305,thursday,2026-09-24,2026-09-30
1306,thursday,2026-09-24,2026-09-30
1309,thursday,2026-09-24,2026-09-30
1311,thursday,2026-09-24,2026-09-30
1312,thursday,2026-09-24,2026-09-30
1316,wednesday,2026-09-23,2026-09-29
1317,wednesday,2026-09-23,2026-09-29
1318,wednesday,2026-09-23,2026-09-29
1320,thursday,2026-09-24,2026-09-30
1321,thursday,2026-09-24,2026-09-30
1324,thursday,2026-09-24,2026-09-30
1325,thursday,2026-09-24,2026-09-30
1326,thursday,2026-09-24,2026-09-30
1327,thursday,2026-09-24,2026-09-30
1328,thursday,2026-09-24,2026-09-30
1330,thursday,2026-09-24,2026-09-30
1333,thursday,2026-09-24,2026-09-30
1335,thursday,2026-09-24,2026-09-30
1337,thursday,2026-09-24,2026-09-30
1338,thursday,2026-09-24,2026-09-30
1339,thursday,2026-09-24,2026-09-30
1340,thursday,2026-09-24,2026-09-30
1341,thursday,2026-09-24,2026-09-30
1342,thursday,2026-09-24,2026-09-30
1343,wednesday,2026-09-23,2026-09-29
1344,thursday,2026-09-24,2026-09-30
1345,thursday,2026-09-24,2026-09-30
1347,thursday,2026-09-24,2026-09-30
1348,thursday,2026-09-24,2026-09-30
1349,wednesday,2026-09-23,2026-09-29
1350,thursday,2026-09-24,2026-09-30
1351,wednesday,2026-09-23,2026-09-29
1352,thursday,2026-09-24,2026-09-30
1353,thursday,2026-09-24,2026-09-30
1354,wednesday,2026-09-23,2026-09-29
1355,wednesday,2026-09-23,2026-09-29
1356,wednesday,2026-09-23,2026-09-29
1357,thursday,2026-09-24,2026-09-30
1358,thursday,2026-09-24,2026-09-30
1359,thursday,2026-09-24,2026-09-30
1360,wednesday,2026-09-23,2026-09-29
1361,thursday,2026-09-24,2026-09-30
1362,wednesday,2026-09-23,2026-09-29
1363,wednesday,2026-09-23,2026-09-29
1364,wednesday,2026-09-23,2026-09-29
1365,thursday,2026-10-01,2026-10-07
1366,thursday,2026-09-24,2026-09-30
1367,thursday,2026-09-24,2026-09-30
1368,thursday,2026-09-24,2026-09-30
1369,wednesday,2026-09-23,2026-09-29
1370,wednesday,2026-09-23,2026-09-29
1371,thursday,2026-09-24,2026-09-30
1372,thursday,2026-09-24,2026-09-30
1373,thursday,2026-09-24,2026-09-30
1374,thursday,2026-09-24,2026-09-30
1375,wednesday,2026-09-23,2026-09-29
1376,thursday,2026-09-24,2026-09-30
1377,wednesday,2026-09-23,2026-09-29
1378,thursday,2026-09-24,2026-09-30
1379,wednesday,2026-09-23,2026-09-29
1381,thursday,2026-09-24,2026-09-30
1382,thursday,2026-09-24,2026-09-30
1383,wednesday,2026-09-23,2026-09-29
1384,thursday,2026-09-24,2026-09-30
1385,thursday,2026-09-24,2026-09-30
1386,thursday,2026-09-24,2026-09-30
1387,thursday,2026-09-24,2026-09-30
1388,thursday,2026-09-24,2026-09-30
1389,thursday,2026-09-24,2026-09-30
1390,wednesday,2026-09-23,2026-09-29
1391,wednesday,2026-09-23,2026-09-29
1392,wednesday,2026-09-23,2026-09-29
1393,thursday,2026-09-24,2026-09-30
1394,thursday,2026-09-24,2026-09-30
1395,thursday,2026-09-24,2026-09-30
1396,thursday,2026-09-24,2026-09-30
1397,thursday,2026-09-24,2026-09-30
1398,thursday,2026-09-24,2026-09-30
1399,thursday,2026-09-24,2026-09-30
1400,wednesday,2026-09-23,2026-09-29
1401,thursday,2026-09-24,2026-09-30
1402,wednesday,2026-09-23,2026-09-29
1403,wednesday,2026-09-23,2026-09-29
1404,wednesday,2026-09-23,2026-09-29
1405,thursday,2026-09-24,2026-09-30
1406,thursday,2026-09-24,2026-09-30
1407,thursday,2026-09-24,2026-09-30
1408,thursday,2026-09-24,2026-09-30
1409,wednesday,2026-09-23,2026-09-29
1410,thursday,2026-09-24,2026-09-30
1411,wednesday,2026-09-23,2026-09-29
1412,wednesday,2026-09-23,2026-09-29
1413,thursday,2026-09-24,2026-09-30
1414,thursday,2026-09-24,2026-09-30
1415,wednesday,2026-09-23,2026-09-29
1416,wednesday,2026-09-23,2026-09-29
1418,wednesday,2026-09-23,2026-09-29
1419,wednesday,2026-09-23,2026-09-29
1420,wednesday,2026-09-23,2026-09-29
1421,thursday,2026-09-24,2026-09-30
1422,wednesday,2026-09-23,2026-09-29
1423,thursday,2026-09-24,2026-09-30
1424,thursday,2026-09-24,2026-09-30
1425,wednesday,2026-09-23,2026-09-29
1426,wednesday,2026-09-23,2026-09-29
1427,thursday,2026-09-24,2026-09-30
1428,thursday,2026-09-24,2026-09-30
1429,thursday,2026-09-24,2026-09-30
1430,thursday,2026-09-24,2026-09-30
1431,thursday,2026-09-24,2026-09-30
1432,thursday,2026-09-24,2026-09-30
1433,thursday,2026-09-24,2026-09-30
1434,thursday,2026-09-24,2026-09-30
1435,wednesday,2026-09-23,2026-09-29
1436,wednesday,2026-09-23,2026-09-29
1437,thursday,2026-09-24,2026-09-30
1438,thursday,2026-09-24,2026-09-30
1439,thursday,2026-09-24,2026-09-30
1440,thursday,2026-09-24,2026-09-30
1441,thursday,2026-09-24,2026-09-30
1442,wednesday,2026-09-23,2026-09-29
1443,thursday,2026-09-24,2026-09-30
1444,thursday,2026-09-24,2026-09-30
1445,thursday,2026-09-24,2026-09-30
1447,thursday,2026-09-24,2026-09-30
1448,thursday,2026-09-24,2026-09-30
1449,thursday,2026-09-24,2026-09-30
1450,thursday,2026-09-24,2026-09-30
1451,wednesday,2026-09-23,2026-09-29
1452,thursday,2026-09-24,2026-09-30
1453,wednesday,2026-09-23,2026-09-29
1454,thursday,2026-09-24,2026-09-30
1455,thursday,2026-09-24,2026-09-30
1456,thursday,2026-09-24,2026-09-30
1457,thursday,2026-09-24,2026-09-30
1458,thursday,2026-09-24,2026-09-30
1459,thursday,2026-09-24,2026-09-30
1460,wednesday,2026-09-23,2026-09-29
1461,wednesday,2026-09-23,2026-09-29
1462,wednesday,2026-09-23,2026-09-29
1463,wednesday,2026-09-23,2026-09-29
1464,wednesday,2026-09-23,2026-09-29
1465,thursday,2026-09-24,2026-09-30
1466,wednesday,2026-09-23,2026-09-29
1467,thursday,2026-09-24,2026-09-30
1468,thursday,2026-09-24,2026-09-30
1469,thursday,2026-09-24,2026-09-30
1470,wednesday,2026-09-23,2026-09-29
1471,thursday,2026-09-24,2026-09-30
1472,thursday,2026-09-24,2026-09-30
1473,wednesday,2026-09-23,2026-09-29
1474,wednesday,2026-09-23,2026-09-29
1475,wednesday,2026-09-23,2026-09-29
1476,wednesday,2026-09-23,2026-09-29
1477,thursday,2026-09-24,2026-09-30
1478,wednesday,2026-09-23,2026-09-29
1479,wednesday,2026-09-23,2026-09-29
1480,wednesday,2026-09-23,2026-09-29
1481,wednesday,2026-09-23,2026-09-29
1482,wednesday,2026-09-23,2026-09-29
1483,wednesday,2026-09-23,2026-09-29
1484,wednesday,2026-09-23,2026-09-29
1485,wednesday,2026-09-23,2026-09-29
1486,wednesday,2026-09-23,2026-09-29
1487,thursday,2026-09-24,2026-09-30
1488,thursday,2026-10-01,2026-10-07
1489,wednesday,2026-09-23,2026-09-29
1490,wednesday,2026-09-23,2026-09-29
1491,thursday,2026-09-24,2026-09-30
1492,thursday,2026-09-24,2026-09-30
1493,thursday,2026-09-24,2026-09-30
1494,thursday,2026-09-24,2026-09-30
1495,thursday,2026-09-24,2026-09-30
1496,thursday,2026-09-24,2026-09-30
1497,thursday,2026-09-24,2026-09-30
1498,wednesday,2026-09-23,2026-09-29
1499,thursday,2026-10-01,2026-10-07
1500,thursday,2026-09-24,2026-09-30
1501,thursday,2026-09-24,2026-09-30
1502,thursday,2026-09-24,2026-09-30
1503,wednesday,2026-09-23,2026-09-29
1505,thursday,2026-09-24,2026-09-30
1506,thursday,2026-09-24,2026-09-30
1507,thursday,2026-09-24,2026-09-30
1508,wednesday,2026-09-23,2026-09-29
1509,wednesday,2026-09-23,2026-09-29
1510,wednesday,2026-09-23,2026-09-29
1511,wednesday,2026-09-23,2026-09-29
1512,wednesday,2026-09-23,2026-09-29
1513,thursday,2026-09-24,2026-09-30
1514,wednesday,2026-09-23,2026-09-29
1515,wednesday,2026-09-23,2026-09-29
1516,wednesday,2026-09-23,2026-09-29
1517,thursday,2026-09-24,2026-09-30
1518,wednesday,2026-09-23,2026-09-29
1519,wednesday,2026-09-23,2026-09-29
1520,wednesday,2026-09-23,2026-09-29
1521,wednesday,2026-09-23,2026-09-29
1522,wednesday,2026-09-23,2026-09-29
1523,thursday,2026-09-24,2026-09-30
1524,wednesday,2026-09-23,2026-09-29
1525,wednesday,2026-09-23,2026-09-29
1526,thursday,2026-09-24,2026-09-30
1527,thursday,2026-09-24,2026-09-30
1528,thursday,2026-09-24,2026-09-30
1529,wednesday,2026-09-23,2026-09-29
1530,thursday,2026-09-24,2026-09-30
1531,thursday,2026-09-24,2026-09-30
1532,wednesday,2026-09-23,2026-09-29
1533,wednesday,2026-09-23,2026-09-29
1534,thursday,2026-09-24,2026-09-30
1535,thursday,2026-09-24,2026-09-30
1536,thursday,2026-09-24,2026-09-30
1537,wednesday,2026-09-23,2026-09-29
1538,thursday,2026-09-24,2026-09-30
1539,wednesday,2026-09-23,2026-09-29
1540,wednesday,2026-09-23,2026-09-29
1541,thursday,2026-09-24,2026-09-30
1542,wednesday,2026-09-23,2026-09-29
1543,wednesday,2026-09-23,2026-09-29
1544,wednesday,2026-09-23,2026-09-29
1545,wednesday,2026-09-23,2026-09-29
1546,wednesday,2026-09-23,2026-09-29
1547,thursday,2026-09-24,2026-09-30
1548,wednesday,2026-09-23,2026-09-29
1549,thursday,2026-09-24,2026-09-30
1550,wednesday,2026-09-23,2026-09-29
1551,wednesday,2026-09-23,2026-09-29
1552,wednesday,2026-09-23,2026-09-29
1553,thursday,2026-09-24,2026-09-30
1554,thursday,2026-09-24,2026-09-30
1555,wednesday,2026-09-23,2026-09-29
1556,wednesday,2026-09-23,2026-09-29
1557,thursday,2026-09-24,2026-09-30
1558,thursday,2026-09-24,2026-09-30
1559,thursday,2026-09-24,2026-09-30
1560,thursday,2026-09-24,2026-09-30
1561,thursday,2026-09-24,2026-09-30
1562,thursday,2026-09-24,2026-09-30
1563,thursday,2026-09-24,2026-09-30
1564,thursday,2026-09-24,2026-09-30
1566,wednesday,2026-09-23,2026-09-29
1567,thursday,2026-09-24,2026-09-30
1568,wednesday,2026-09-23,2026-09-29
1569,wednesday,2026-09-23,2026-09-29
1570,thursday,2026-09-24,2026-09-30
1571,thursday,2026-09-24,2026-09-30
1572,wednesday,2026-09-23,2026-09-29
1573,thursday,2026-09-24,2026-09-30
1574,wednesday,2026-09-23,2026-09-29
1575,wednesday,2026-09-23,2026-09-29
1576,thursday,2026-09-24,2026-09-30
1578,thursday,2026-09-24,2026-09-30
1579,thursday,2026-09-24,2026-09-30
1580,wednesday,2026-09-23,2026-09-29
1581,thursday,2026-09-24,2026-09-30
1582,wednesday,2026-09-23,2026-09-29
1583,wednesday,2026-09-23,2026-09-29
1584,wednesday,2026-09-23,2026-09-29
1585,thursday,2026-09-24,2026-09-30
1586,wednesday,2026-09-16,2026-09-22
1587,wednesday,2026-09-23,2026-09-29
1588,wednesday,2026-09-23,2026-09-29
1589,wednesday,2026-09-23,2026-09-29
1590,wednesday,2026-09-23,2026-09-29
1591,wednesday,2026-09-30,2026-10-06
1592,wednesday,2026-09-30,2026-10-06
1593,wednesday,2026-09-30,2026-10-06
1594,wednesday,2026-09-30,2026-10-06
1595,wednesday,2026-09-30,2026-10-06
1596,wednesday,2026-09-30,2026-10-06
1597,thursday,2026-09-24,2026-09-30
1598,thursday,2026-09-24,2026-09-30
1599,wednesday,2026-09-30,2026-10-06
1600,thursday,2026-09-24,2026-09-30
1601,thursday,2026-09-24,2026-09-30
1602,wednesday,2026-09-30,2026-10-06
1603,wednesday,2026-09-30,2026-10-06
1604,wednesday,2026-09-30,2026-10-06
1606,thursday,2026-09-24,2026-09-30
1607,thursday,2026-09-24,2026-09-30
1608,wednesday,2026-09-30,2026-10-06
1609,wednesday,2026-09-30,2026-10-06
1610,thursday,2026-09-24,2026-09-30
1611,thursday,2026-09-24,2026-09-30
1612,wednesday,2026-09-30,2026-10-06
1613,wednesday,2026-09-30,2026-10-06
1614,thursday,2026-09-24,2026-09-30
1615,wednesday,2026-09-30,2026-10-06
1616,thursday,2026-09-24,2026-09-30
1617,thursday,2026-09-24,2026-09-30
1618,thursday,2026-09-24,2026-09-30
1619,wednesday,2026-09-30,2026-10-06
1621,wednesday,2026-09-30,2026-10-06
1622,wednesday,2026-09-30,2026-10-06
1623,wednesday,2026-09-30,2026-10-06
1625,thursday,2026-09-24,2026-09-30
1626,wednesday,2026-09-30,2026-10-06
1627,wednesday,2026-09-30,2026-10-06
1628,thursday,2026-09-24,2026-09-30
1629,wednesday,2026-09-30,2026-10-06
1630,thursday,2026-09-24,2026-09-30
1631,wednesday,2026-09-30,2026-10-06
1632,wednesday,2026-09-30,2026-10-06
1633,wednesday,2026-09-30,2026-10-06
1634,wednesday,2026-09-30,2026-10-06
1635,wednesday,2026-09-30,2026-10-06
1636,wednesday,2026-09-30,2026-10-06
1637,wednesday,2026-09-30,2026-10-06
1638,wednesday,2026-09-30,2026-10-06
1639,thursday,2026-09-24,2026-09-30
1640,wednesday,2026-09-30,2026-10-06
1641,wednesday,2026-09-30,2026-10-06
1642,wednesday,2026-09-30,2026-10-06
1643,wednesday,2026-09-30,2026-10-06
1644,thursday,2026-09-24,2026-09-30
1645,wednesday,2026-09-30,2026-10-06
1646,wednesday,2026-09-30,2026-10-06
1647,wednesday,2026-09-30,2026-10-06
1648,wednesday,2026-09-30,2026-10-06
1649,thursday,2026-09-24,2026-09-30
1650,wednesday,2026-09-30,2026-10-06
1651,thursday,2026-09-24,2026-09-30
1652,wednesday,2026-09-30,2026-10-06
1653,thursday,2026-09-24,2026-09-30
1655,thursday,2026-09-24,2026-09-30
1656,thursday,2026-09-24,2026-09-30
1657,thursday,2026-09-24,2026-09-30
1658,wednesday,2026-09-30,2026-10-06
1659,thursday,2026-09-24,2026-09-30
1660,wednesday,2026-09-30,2026-10-06
1661,thursday,2026-09-24,2026-09-30
1662,thursday,2026-09-24,2026-09-30
1664,thursday,2026-09-24,2026-09-30
1665,wednesday,2026-09-30,2026-10-06
1666,thursday,2026-09-24,2026-09-30
1667,thursday,2026-09-24,2026-09-30
1668,thursday,2026-09-24,2026-09-30
1669,thursday,2026-09-24,2026-09-30
1670,thursday,2026-09-24,2026-09-30
1671,wednesday,2026-09-30,2026-10-06
1672,wednesday,2026-09-30,2026-10-06
1673,wednesday,2026-09-30,2026-10-06
1674,thursday,2026-09-24,2026-09-30
1675,wednesday,2026-09-30,2026-10-06
1676,wednesday,2026-09-30,2026-10-06
1677,wednesday,2026-09-30,2026-10-06
1678,wednesday,2026-09-30,2026-10-06
1679,wednesday,2026-09-30,2026-10-06
1680,wednesday,2026-09-30,2026-10-06
1681,thursday,2026-09-24,2026-09-30
1682,thursday,2026-09-24,2026-09-30
1683,thursday,2026-09-24,2026-09-30
1684,thursday,2026-09-24,2026-09-30
1685,wednesday,2026-09-30,2026-10-06
1686,thursday,2026-09-24,2026-09-30
1687,wednesday,2026-09-30,2026-10-06
1688,thursday,2026-09-24,2026-09-30
1690,wednesday,2026-09-30,2026-10-06
1691,wednesday,2026-09-30,2026-10-06
1692,wednesday,2026-09-30,2026-10-06
1693,thursday,2026-09-24,2026-09-30
1694,wednesday,2026-09-30,2026-10-06
1695,thursday,2026-09-24,2026-09-30
1696,thursday,2026-09-24,2026-09-30
1698,thursday,2026-09-24,2026-09-30
1699,thursday,2026-09-24,2026-09-30
1700,wednesday,2026-09-30,2026-10-06
1701,thursday,2026-09-24,2026-09-30
1702,thursday,2026-09-24,2026-09-30
1703,wednesday,2026-09-30,2026-10-06
1704,wednesday,2026-09-30,2026-10-06
1705,thursday,2026-09-24,2026-09-30
1706,wednesday,2026-09-30,2026-10-06
1707,thursday,2026-09-24,2026-09-30
1708,thursday,2026-09-24,2026-09-30
1709,thursday,2026-09-24,2026-09-30
1711,thursday,2026-09-24,2026-09-30
1712,thursday,2026-09-24,2026-09-30
1713,wednesday,2026-09-30,2026-10-06
1714,wednesday,2026-09-30,2026-10-06
1715,thursday,2026-09-24,2026-09-30
1716,wednesday,2026-09-30,2026-10-06
1717,wednesday,2026-09-30,2026-10-06
1718,wednesday,2026-09-30,2026-10-06
1719,thursday,2026-09-24,2026-09-30
1720,wednesday,2026-09-30,2026-10-06
1721,thursday,2026-09-24,2026-09-30
1722,thursday,2026-09-24,2026-09-30
1723,thursday,2026-09-24,2026-09-30
1724,wednesday,2026-09-30,2026-10-06
1725,wednesday,2026-09-30,2026-10-06
1726,wednesday,2026-09-30,2026-10-06
1727,wednesday,2026-09-30,2026-10-06
1728,wednesday,2026-09-30,2026-10-06
1729,thursday,2026-09-24,2026-09-30
1730,thursday,2026-09-24,2026-09-30
1731,wednesday,2026-09-30,2026-10-06
1732,wednesday,2026-09-30,2026-10-06
1733,wednesday,2026-09-30,2026-10-06
1734,thursday,2026-09-24,2026-09-30
1735,thursday,2026-09-24,2026-09-30
1736,wednesday,2026-09-30,2026-10-06
1737,thursday,2026-09-24,2026-09-30
1738,thursday,2026-09-24,2026-09-30
1739,wednesday,2026-09-30,2026-10-06
1741,thursday,2026-09-24,2026-09-30
1742,thursday,2026-09-24,2026-09-30
1744,wednesday,2026-09-30,2026-10-06
1745,wednesday,2026-09-30,2026-10-06
1746,wednesday,2026-09-30,2026-10-06
1747,thursday,2026-09-24,2026-09-30
1748,thursday,2026-09-24,2026-09-30
1749,thursday,2026-09-24,2026-09-30
1750,thursday,2026-09-24,2026-09-30
1751,thursday,2026-09-24,2026-09-30
1752,thursday,2026-09-24,2026-09-30
1753,thursday,2026-09-24,2026-09-30
1754,thursday,2026-09-24,2026-09-30
1755,thursday,2026-09-24,2026-09-30
1756,wednesday,2026-09-30,2026-10-06
1758,wednesday,2026-09-30,2026-10-06
1759,thursday,2026-09-24,2026-09-30
1760,wednesday,2026-09-30,2026-10-06
1761,wednesday,2026-09-30,2026-10-06
1762,thursday,2026-09-24,2026-09-30
1763,thursday,2026-09-24,2026-09-30
1764,thursday,2026-09-24,2026-09-30
1765,wednesday,2026-09-30,2026-10-06
1766,thursday,2026-09-24,2026-09-30
1767,wednesday,2026-09-30,2026-10-06
1768,wednesday,2026-09-30,2026-10-06
1769,thursday,2026-09-24,2026-09-30
1770,thursday,2026-09-24,2026-09-30
1771,thursday,2026-09-24,2026-09-30
1772,wednesday,2026-09-30,2026-10-06
1773,wednesday,2026-09-30,2026-10-06
1774,thursday,2026-09-24,2026-09-30
1775,wednesday,2026-09-30,2026-10-06
1776,thursday,2026-09-24,2026-09-30
1777,wednesday,2026-09-30,2026-10-06
1778,wednesday,2026-09-30,2026-10-06
1779,wednesday,2026-09-30,2026-10-06
1780,wednesday,2026-09-30,2026-10-06
1781,thursday,2026-09-24,2026-09-30
1782,thursday,2026-10-01,2026-10-07
1783,thursday,2026-09-24,2026-09-30
1784,thursday,2026-09-24,2026-09-30
1785,wednesday,2026-09-30,2026-10-06
1786,wednesday,2026-09-30,2026-10-06
1787,thursday,2026-09-24,2026-09-30
1788,thursday,2026-09-24,2026-09-30
1789,thursday,2026-09-24,2026-09-30
1790,wednesday,2026-09-30,2026-10-06
1792,thursday,2026-09-24,2026-09-30
1793,thursday,2026-09-24,2026-09-30
1794,wednesday,2026-09-30,2026-10-06
1795,thursday,2026-09-24,2026-09-30
1796,wednesday,2026-09-30,2026-10-06
1797,thursday,2026-09-24,2026-09-30
1798,thursday,2026-09-24,2026-09-30
1799,wednesday,2026-09-30,2026-10-06
1800,thursday,2026-09-24,2026-09-30
1801,wednesday,2026-09-30,2026-10-06
1802,wednesday,2026-09-30,2026-10-06
1803,thursday,2026-09-24,2026-09-30
1804,thursday,2026-09-24,2026-09-30
1805,thursday,2026-09-24,2026-09-30
1806,wednesday,2026-09-30,2026-10-06
1807,wednesday,2026-09-30,2026-10-06
1808,thursday,2026-09-24,2026-09-30
1809,wednesday,2026-09-30,2026-10-06
1810,thursday,2026-09-24,2026-09-30
1811,wednesday,2026-09-30,2026-10-06
1812,wednesday,2026-09-30,2026-10-06
1813,thursday,2026-09-24,2026-09-30
1816,wednesday,2026-09-30,2026-10-06
1817,wednesday,2026-09-30,2026-10-06
1818,thursday,2026-09-24,2026-09-30
1820,thursday,2026-09-24,2026-09-30
1821,thursday,2026-09-24,2026-09-30
1822,wednesday,2026-09-30,2026-10-06
1824,wednesday,2026-09-30,2026-10-06
1825,wednesday,2026-09-30,2026-10-06
1826,thursday,2026-09-24,2026-09-30
1827,wednesday,2026-09-30,2026-10-06
1828,thursday,2026-09-24,2026-09-30
1829,thursday,2026-09-24,2026-09-30
1830,wednesday,2026-09-30,2026-10-06
1831,wednesday,2026-09-30,2026-10-06
1832,thursday,2026-09-24,2026-09-30
1834,thursday,2026-09-24,2026-09-30
1835,wednesday,2026-09-30,2026-10-06
1836,thursday,2026-09-24,2026-09-30
1837,thursday,2026-09-24,2026-09-30
1838,wednesday,2026-09-30,2026-10-06
1840,thursday,2026-09-24,2026-09-30
1841,thursday,2026-09-24,2026-09-30
1842,thursday,2026-09-24,2026-09-30
1843,thursday,2026-09-24,2026-09-30
1844,thursday,2026-09-24,2026-09-30
1845,thursday,2026-09-24,2026-09-30
1846,wednesday,2026-09-30,2026-10-06
1847,wednesday,2026-09-30,2026-10-06
1848,thursday,2026-09-24,2026-09-30
1849,thursday,2026-09-24,2026-09-30
1850,thursday,2026-09-24,2026-09-30
1851,thursday,2026-09-24,2026-09-30
1852,thursday,2026-09-24,2026-09-30
1853,thursday,2026-09-24,2026-09-30
1854,thursday,2026-09-24,2026-09-30
1855,wednesday,2026-09-30,2026-10-06
1856,wednesday,2026-09-30,2026-10-06
1858,wednesday,2026-09-30,2026-10-06
1859,thursday,2026-09-24,2026-09-30
1861,thursday,2026-09-24,2026-09-30
1862,thursday,2026-09-24,2026-09-30
1863,wednesday,2026-09-30,2026-10-06
1864,thursday,2026-09-24,2026-09-30
1865,wednesday,2026-09-30,2026-10-06
1866,wednesday,2026-09-30,2026-10-06
1867,wednesday,2026-09-30,2026-10-06
1868,wednesday,2026-09-30,2026-10-06
1870,wednesday,2026-09-30,2026-10-06
1871,thursday,2026-09-24,2026-09-30
1872,wednesday,2026-09-30,2026-10-06
1873,wednesday,2026-09-30,2026-10-06
1875,wednesday,2026-09-30,2026-10-06
1876,thursday,2026-09-24,2026-09-30
1877,thursday,2026-09-24,2026-09-30
1878,wednesday,2026-09-30,2026-10-06
1879,wednesday,2026-09-30,2026-10-06
1880,wednesday,2026-09-30,2026-10-06
1881,wednesday,2026-09-30,2026-10-06
1882,thursday,2026-09-24,2026-09-30
1883,wednesday,2026-09-30,2026-10-06
1884,thursday,2026-09-24,2026-09-30
1885,wednesday,2026-09-30,2026-10-06
1886,wednesday,2026-09-30,2026-10-06
1887,wednesday,2026-09-30,2026-10-06
1888,wednesday,2026-09-30,2026-10-06
1889,thursday,2026-09-24,2026-09-30
1890,wednesday,2026-09-30,2026-10-06
1891,wednesday,2026-09-30,2026-10-06
1892,wednesday,2026-09-30,2026-10-06
1893,wednesday,2026-09-30,2026-10-06
1894,thursday,2026-09-24,2026-09-30
1895,thursday,2026-09-24,2026-09-30
1896,thursday,2026-09-24,2026-09-30
1897,thursday,2026-09-24,2026-09-30
1898,thursday,2026-09-24,2026-09-30
1899,thursday,2026-09-24,2026-09-30
2001,wednesday,2026-09-30,2026-10-06
2002,wednesday,2026-09-30,2026-10-06
2003,wednesday,2026-09-30,2026-10-06
2005,thursday,2026-09-24,2026-09-30
2006,wednesday,2026-09-30,2026-10-06
2007,thursday,2026-10-01,2026-10-07
2008,thursday,2026-09-24,2026-09-30
2009,wednesday,2026-09-30,2026-10-06
2010,wednesday,2026-09-30,2026-10-06
2011,wednesday,2026-09-30,2026-10-06
2012,thursday,2026-09-24,2026-09-30
2013,thursday,2026-09-24,2026-09-30
2014,thursday,2026-09-24,2026-09-30
2016,wednesday,2026-09-30,2026-10-06
2017,wednesday,2026-09-30,2026-10-06
2018,thursday,2026-09-24,2026-09-30
2020,wednesday,2026-09-30,2026-10-06
2021,thursday,2026-09-24,2026-09-30
2022,thursday,2026-09-24,2026-09-30
2023,wednesday,2026-09-30,2026-10-06
2024,wednesday,2026-09-30,2026-10-06
2025,wednesday,2026-09-30,2026-10-06
2027,wednesday,2026-09-30,2026-10-06
2029,wednesday,2026-09-30,2026-10-06
2030,wednesday,2026-09-30,2026-10-06
2031,wednesday,2026-09-30,2026-10-06
2032,wednesday,2026-09-30,2026-10-06
2034,wednesday,2026-09-30,2026-10-06
2035,thursday,2026-09-24,2026-09-30
2036,wednesday,2026-09-30,2026-10-06
2037,thursday,2026-09-24,2026-09-30
2038,wednesday,2026-09-30,2026-10-06
2039,wednesday,2026-09-30,2026-10-06
2040,wednesday,2026-09-30,2026-10-06
2041,thursday,2026-09-24,2026-09-30
2042,wednesday,2026-09-30,2026-10-06
2043,thursday,2026-09-24,2026-09-30
2045,wednesday,2026-09-30,2026-10-06
2047,wednesday,2026-09-30,2026-10-06
2050,wednesday,2026-09-30,2026-10-06
2051,wednesday,2026-09-30,2026-10-06
2052,wednesday,2026-09-30,2026-10-06
2053,wednesday,,
2055,wednesday,2026-09-30,2026-10-06
2057,wednesday,2026-09-30,2026-10-06
2058,wednesday,2026-09-30,2026-10-06
2059,wednesday,2026-09-30,2026-10-06
2088,thursday,2026-09-24,2026-09-30
2089,thursday,,
2090,wednesday,2026-09-30,2026-10-06
2091,thursday,,
2092,thursday,2026-09-24,2026-09-30
2094,thursday,2026-09-24,2026-09-30
2095,thursday,2026-09-24,2026-09-30
2096,thursday,2026-09-24,2026-09-30
2098,wednesday,2026-09-30,2026-10-06
2099,thursday,2026-09-24,2026-09-30
2100,wednesday,2026-09-30,2026-10-06
2101,wednesday,2026-09-30,2026-10-06
2102,wednesday,2026-09-30,2026-10-06
2103,thursday,2026-09-24,2026-09-30
2104,thursday,,
2105,wednesday,2026-09-30,2026-10-06
2106,wednesday,2026-09-30,2026-10-06
2107,thursday,2026-09-24,2026-09-30
2108,thursday,2026-09-24,2026-09-30
2109,wednesday,2026-09-30,2026-10-06
2112,thursday,2026-09-24,2026-09-30
2113,thursday,2026-09-24,2026-09-30
2117,thursday,2026-09-24,2026-09-30
2120,wednesday,,
2121,thursday,2026-09-24,2026-09-30
2141,thursday,2026-09-24,2026-09-30
2145,wednesday,2026-09-30,2026-10-06
