canonical,variant
4-Pack On The Rocks Ready-to-Drink Cocktails,4-Pack On The Rocks Ready-to-Drink Cocktail
6-Pack Coca-Cola Soft Drink Products,6-Pack Coca-Cola Products
6-Pack Shock Top Beer,Shock Top Belgian White Wheat Ale
8-Pack Fever-Tree Products,8-Pack Fever-Tree Drink Mixers
Air Wick Scented Oil Refills,Air Wick Scented Oil Refill
All Fabric Softener or Sheets,Snuggle or All Fabric Softener
All Fabric Softener or Sheets,All Fabric Softener or Sheets or Snuggle Fabric Softener Sheets
Aloha Organic Protein Bar,"Aloha Organic Protein Bar, or Met-Rx Big 100 Protein or Meal Replacement Bar"
Amazing Taste Seasoning Shakers,Amazing Taste Seasoning Shaker
Amazing Taste Seasoning Shakers,Amazing Taste Shakers
AMC Theatres Microwave Popcorn,AMC Theatres Perfectly Popcorn Microwave Popcorn
Andes Indulgence Crme de Menthe,Andes Crme de Menthe; or Ritter Sport Premium European Milk Chocolates
Annie's Organic Bunny Crackers or Grahams,Annie's Organic Baked Crackers
Annie's Organic Bunny Crackers or Grahams,Annie's Organic Bunny Grahams or Baked Crackers
Arm & Hammer Dish Soap,Arm & Hammer Ultra Dish Liquid
Arm & Hammer Scent Booster,Arm & Hammer Scent Booster or Fabric Rinse
Arnold or Brownberry Bread,Arnold Bread
Arnold or Brownberry Bread,Arnold Country Style Bread
Athenos Traditional Crumbled Feta Cheese,Athenos Crumbled Feta Cheese
Athenos Traditional Crumbled Feta Cheese,Athenos Feta Chunk Cheese
Athenos Traditional Crumbled Feta Cheese,Athenos Feta Crumbled Cheese
Bachan's Japanese Barbecue or Dipping Sauce,Bachan's Japanese Barbecue Sauce
Bagel Bites Pizza Snacks or Mini Bagel Dogs,Bagel Bites Pizza Snacks
Bai Antioxidant Beverage,Bai Antioxidant Infusion or Cocofusion Beverage
Ball Park Franks,Ball Park Angus Beef Franks
Beemster Cheese,Beemster Truffle Gouda Cheese
"Belgian Boys Waffles, Pancakes, or Mini Pancakes",Belgian Boys Bite-Sized Pancakes
Belgioioso Fresh Mozzarella Cheese,Belgioioso Fresh Mozzarella
"BiC Wite-Out Correction Tape, Ez Correct",Bic EZ Correct Correction Tape
"BiC Wite-Out Correction Tape, Ez Correct","Bic Wite-Out Plus With Foam Brush or EZ Correct Correction Tape, White"
Bic Multi Purpose or Flex Lighter,Bic Lighter
Bic Multi Purpose or Flex Lighter,Bic Multi-Purpose Lighter
Bisquick Pancake & Baking Mix,"Bisquick Pancake & Baking Mix, Original"
Bliss Life Freeze Dried Candy,Bliss Life Freeze-Dried Candy
Blue Bunny Mini Swirls Frozen Dairy Dessert,Blue Bunny Mini Swirls Dairy Frozen Dessert
Bob Evans Side Dishes,"Bob Evans Side Dishes, Microwavable"
Bolthouse Farms 100% Juice Smoothie,Bolthouse Farms Fruit Smoothie
Botticelli Pasta Sauce,Botticelli Premium Pasta Sauce
Brillo Scrub Max Sponge,Brillo Scrub Max Sponges
Butterball Turkey Breakfast Sausage Patties,Butterball Turkey Sausage Patties
Cackalacky Sauce,Cackalacky BBQ Sauce
Calbee Harvest Snaps,Calbee Harvest Snaps Snacks
Caprisun Juice Drink Blend,"Caprisun Juice, Juice Drink Blend, or Roarin' Waters; or Country Time Lemonade"
Cascadian Farm Organic Granola,Cascadian Farm Organic Granola or Organic Cereal
Celestial Seasonings Tea Bags,Celestial Seasonings Herbal Tea Bags
Cesar Dog Food,Cesar Canine Cuisine
Cesar Dog Food,Cesar Canine Cuisine or Home Delights Dog Food
"Chex Mix, Gardetto's, or Bugles Snacks",Chex Mix Snack
"Chex Mix, Gardetto's, or Bugles Snacks",General Mills Chex Mix Snack
Chifles Plantain Chips,Chifles Original Plantain Chips
Chinet Classic White Dinner Plates,Chinet Classic White Plates
Chiquita Green Plantains Tostones,Chiquita Green Plantains
Chobani Coffee Creamer or Oatmilk,Chobani Coffee Creamer
Chomps Chomplings Meat Sticks,Chomps Chomplings Mini Sticks
Churu Cat Treats,Churu Cat Treat
Citterio Il Pacchetto Prosciutto or Salame,Citterio Il Pacchetto Prosciutto
Clamato Tomato Cocktail,Clamato Tomato Juice Cocktail
Classic Dozen Roses,GreenWise Bouquet
Classico Pasta Sauce,Classico Sauce
Cleveland Kitchen Kimchi,Cleveland Kitchen Classic Kimchi
Clif Bar Sustained Energy Bars,Clif Bar Nutrition Bar
Clif Bar Sustained Energy Bars,Clif Bar Sustained Energy Bar
Clif Zbar,Clif Zbar Bars
Clorox Cleaners,Clorox All Purpose Spray Cleaners
Clorox Cleaners,Clorox Clean-Up Cleaner + Bleach
Colts Chocolate Co Chocolates,Colts Chocolate Co. Chocolate
Combat Ant or Roach Bait,Combat Large Roach Bait
Combat Ant or Roach Bait,Combat Roach Bait
Country Crock Spread,Country Crock Spread or Plant Butter Sticks
Cra-Z-Art Washable Markers,Cra-Z-Art Markers
Crystal Light Drink Mix,Crystal Light On The Go Drink Mix
Cutter Insect Repellent Spray,Cutter Insect Repellent Aerosol Spray
Dan-O's Seasoning,Dan-O's Outlaw Seasoning
Dapple Baby Care Products,"Dapple Baby Care Products, Bottle & Dish Soap or Spray"
"Dave's Killer Bread Organic Bagels, Breakfast Bread, or English Muffins",Dave's Killer Bread Organic Bagels
David Sunflower Seeds,David Seeds Sunflower Seeds
David Sunflower Seeds,David's Seeds Sunflower Seeds
Deer Park Natural Spring Water,Deer Park Spring Water
Dr. Praeger's Entrees,Dr. Praeger's Veggie Products
Duke Cannon Products,Duke Cannon Men's Products
Dunkin' Double Espresso Coffee,Dunkin' Double Espresso Coffee Beverage
Eckrich Polska Kielbasa,Eckrich Polska Kielbasa or Smoked Sausage
Eight O'Clock Ground or Whole Bean Coffee or K-Cups,Eight O'Clock Ground Coffee
Entenmann's Products,Entenmann's Donuts
Entenmann's Products,Entenmann's Little Bites Muffins
Entenmann's Products,Entenmann's Loaf Cake
Entenmann's Products,Entenmann's Mini Cakes
Entenmann's Products,Entenmann's Mini Snack Cakes
Entenmann's Products,Entenmann's Little Bites Snacks
Eternal Spring Water,"Eternal Spring Water, Naturally Alkaline"
Expo Dry Erase Markers,Expo Dry Eraser Markers
Expo Dry Erase Markers,"Expo Dry Erase Markers, Chisel or Fine Point"
EZ Foil Pans,EZ Foil All Purpose Pans
EZ Foil Pans,EZ Foil Pans With Lids
Ferrero Rocher Assorted Squares,Ferrero Rocher Chocolate or Caramel Hazelnut Squares
Figs,Black Mission or Brown Turkey Figs
Finish Dishwasher Detergent,Finish Automatic Dishwasher Detergent
Fiorucci Antipasti Salami & Aged Cheddar,Fiorucci Antipasti
Fire & Smoke Seasoning,Fire & Smoke Seasoning or Coatings
Free2b Sunflower Butter Sun Cups Minis,Free2b Sun Cups
French's Mustard,French's Classic Yellow Mustard
Fresh Attitude Salads,Fresh Attitude Spring Mix
Fresh Cravings Mexicali Dip & Spread,Fresh Creations Mexicali Dip & Spread
Fresh Express Chopped Kit,Fresh Express Chopped Salad Kit
Fresh Gourmet Salad Topping,Fresh Gourmet Salad Toppings
Frigo Cheeseheads String Cheese,Frigo Cheese Heads String Cheese
Friskies Party Mix Cat Treats,Friskies Party Mix Cat Treat
Friskies Party Mix Cat Treats,Purina Friskies Party Mix Cat Treats
"Frito Lay Snacks, Minis",Frito Lay Snacks
Fruit Gushers Fruit Flavored Snacks,Betty Crocker Fruit Flavored Snacks
Fruit Gushers Fruit Flavored Snacks,Betty Crocker Fruit Snacks
Galbani Fresh Mozzarella Cheese,Galbani Mozzarella Cheese
Gatorade Zero Beverage Powder,Gatorade Zero Powder
General Mills Cereal-All,General Mills Cheerios Cereal
General Mills Cereal-All,General Mills Giant Size Cereal
Gevalia Ground Coffee,Gevalia K-Cup Coffee or Ground or Whole Bean
Glisten Dishwasher or Garbage Disposal Cleaner,Glisten Dishwasher Cleaner
Good Foods Traditional Chunky Guacamole,Good Foods Guacamole
Good 'n' Fun Dog Treats,Good 'n' Fun Gourmet Dog Treats
Gorgie Energy Drink,Georgie Energy Drink
Great American Cobbler Company Cobbler,Great American Cobbler Company Cobbler or Apple Crisp
Green Giant Simply Steam Vegetables,Green Giant Frozen Vegetables or Actual Veggies Veggie Burger
GreenWise Organic Pink Lady Apples,GreenWise Organic Pink Lady Tart Apples
GT's Synergy The Real Kombucha,GT's Synergy Raw Kombucha
Haagen-Dazs Ice Cream Bars or Cones,Haagen-Dazs Ice Cream Bars
Haagen-Dazs Ice Cream Bars or Cones,Haagen-Dazs Ice Cream or Non-Dairy Bars or Cones
Handi-foil Pans,Handi-foil Meal Prep Pans
Handi-foil Pans,Handi-foil Multi-Pack Pans
Handi-foil Pans,Handi-foil Pans With Lids
Hawaiian Punch Juice Drink,Hawaiian Punch Fruit Flavored Juice Drink
Heali Therapeutic Tape,Heali Pro Therapeutic Tape
Heinz Tomato Ketchup,Heinz Tomato Ketchup or Simply Heinz
Hershey's Chocolate Candy Bars,Hershey's Candy Bars
Hi-Chew Fruity Chewy Candy,Hi-Chew Chewy Fruit Candy
Hidden Valley Dressing,Hidden Valley Ranch Dippers
Hidden Valley Dressing,Hidden Valley Ranch Dressing
Hormel Marinated Pork Tenderloin,Hormel Marinated Pork Loin Tenderloin
Hu Chocolate Bar,Hu Chocolate Cashew Butter Bar
Il Villaggio Parmigiano Reggiano Cheese,Il Villaggio Cheese
Impossible Products,Impossible Meat From Plants
Impossible Products,Impossible Meat From Plants Products
Jack Link's Beef Jerky,Jack Link's Beef Sticks
Jack Link's Beef Jerky,Jack Link's Mini Beef Sticks
Jack Link's Beef Jerky,Jack Links Jerky
Jackson's Veggie Straws or Potato Chips,Jackson's Chips
Jim Beam Flavored Bourbon,Jim Beam Flavoured Bourbon
Jim Beam Flavored Bourbon,Jim Beam Black Label Bourbon
Jim Beam Flavored Bourbon,Jim Beam White Label Bourbon
Jones Dairy Farm Sausage Links,Jones Dairy Farm Sausage Patties
Jones Dairy Farm Sausage Links,Jones Dairy Farm Golden Brown Sausage Links
Kellogg's Cereal-All,Kellogg's Crispix Family Size Cereal
Kellogg's Cereal-All,Kellogg's Family Size Cereal
Kellogg's Cereal-All,Kellogg's Frosted Flakes Family Size Cereal
Kellogg's Cereal-All,Kellogg's Frosted Mini Wheats Cereal
Kellogg's Cereal-All,Kellogg's Mini-Wheats Cereal
Kellogg's Cereal-All,Kellogg's Raisin Bran Cereal
Kellogg's Cereal-All,Kellogg's Special K Cereal
Kellogg's Cereal-All,Kellogg's Frosted Flakes Cereal
Kellogg's Rice Krispies Treats,Kellogg's Rice Krispies Treats Bars
Ken's Steak House Dressing & Marinade,Ken's Steak House Dressing
Ken's Steak House Dressing & Marinade,Ken's Steak House Dressing or Simply Vinaigrette
Ken's Steak House Dressing & Marinade,"Ken's Steak House Dressing, Topping & Spread"
Kentucky Legend Smoked Ham,Kentucky Legend Boneless Smoked Ham
Kentucky Legend Smoked Ham,Kentucky Legend Smoked Half Ham
"King's Hawaiian Hot Dog, Hamburger, or Sliders Buns; or Pretzel Bites",King's Hawaiian Hot Dog Buns
"King's Hawaiian Hot Dog, Hamburger, or Sliders Buns; or Pretzel Bites",King's Hawaiian Slider Buns
"King's Hawaiian Hot Dog, Hamburger, or Sliders Buns; or Pretzel Bites",King's Hawaiian Soft Pretzel Bites
King's Hawaiian Rolls,King's Hawaiian Sliced Bread
King's Hawaiian Rolls,King's Hawaiian Sweet Rolls
Klondike Bars or Ice Cream Sandwiches,Klondike Bars or Ice Cream Cookie Sandwiches
Klondike Bars or Ice Cream Sandwiches,Klondike Bars
Kodiak Bars,Kodiak Chewy Granola Bars
Kraft Cheese Singles,Kraft American Cheese Singles
Kraft Macaroni & Cheese,Kraft Mac & Cheese
Kraft Mayonnaise or Miracle Whip Dressing,Kraft Mayo Mayonnaise
Kraft Mayonnaise or Miracle Whip Dressing,Kraft Mayonnaise
Kryssos Flatbread Crackers,The Kryssos Co. Everything Flatbread Crackers
Kryssos Flatbread Crackers,The Kryssos Co. Everything Crackers
La Banderita Flour Tortillas,La Banderita Tortillas
La Banderita Flour Tortillas,La Banderita Extra Large Flour Tortillas
La Banderita Flour Tortillas,La Banderita Carb Counter Flour Tortillas
La Bonne Vie Cheese,La Bonne Vie Blueberry Vanilla or Honey Goat Cheese
La Bonne Vie Cheese,La Bonne Vie Brie Cheese
La Bonne Vie Cheese,La Bonne Vie Brie Mini Cheese
La Bonne Vie Cheese,La Bonne Vie Camembert
La Bonne Vie Cheese,La Bonne Vie Crme Frache
La Bonne Vie Cheese,La Bonne Vie Goat Cheese
La Bonne Vie Cheese,La Bonne Vie Goat Cheese Log
La Bonne Vie Cheese,La Bonne Vie Goat Cheese Pyramid
La Bonne Vie Cheese,La Bonne Vie Honey Goat Cheese Log
La Bonne Vie Cheese,La Bonne Vie Mini Brie Cheese
La Croix Sparkling Water,Lacroix Sparkling Water
Late July Snacks Tortilla Chips,Late July Snacks Organic Tortilla Chips
Late July Snacks Tortilla Chips,Late July Organic Tortilla Chips
LesserEvil Popcorn,Lesser Evil Popcorn
Lifeway Kefir Cultured Milk,"Lifeway Kefir Cultured Milk, Probiotic"
Liquid I.V. Energy or Hydration Multiplier,Liquid I.V. Hydration Multiplier
Liquid I.V. Energy or Hydration Multiplier,"Liquid I.V. Energy or Hydration Multiplier, or Water Enhancer"
Little Debbie Mini Muffins,Little Debbie Muffins
Mama Mary's Pizza Crust,"Mama Mary's Thin & Crispy Pizza Crust, 12-In"
Marie Callender's Pot Pie,Marie Callender's Chicken Pot Pie
Marzetti Dressing,Marzetti Dressings or Dressing & Dip
"McCain French Fried Potatoes, Onion Rings, or Hashbrowns",McCain French Fried Potatoes or Hashbrowns
"McCain French Fried Potatoes, Onion Rings, or Hashbrowns",McCain Potatoes or Onion Rings
"McCain French Fried Potatoes, Onion Rings, or Hashbrowns","McCain French Fried Potatoes, Hashbrowns, or Onion Rings"
McCormick Grill Mates Seasoning,McCormick Grill Mates Seasonings
"Milk-Bone Dog Biscuits, Snacks, or Treats",Milk-Bone Dog Snacks
Mini Babybel Cheese Snack,Mini Babybel Cheese
Mission Flour Tortillas,Mission Carb Balance Soft Taco Flour Tortillas
Mission Flour Tortillas,Mission Soft Taco Flour Tortillas
Mission Flour Tortillas,Mission Tortillas
Muir Glen Tomatoes or Tomato Sauce or Paste,Muir Glen Tomatoes
Mythreesons Gourmet Pimento Cheese,My Three Sons Pimento Cheese
Nabisco Honey Maid Grahams Crackers,Nabisco Grahams or Newtons Cookies
Nabisco Newtons Cookies,Nabisco Newtons Fruit Soft & Chewy Cookies
Nabisco Oreo Cakesters,Nabisco Oreo Cakesters Soft Snack Cakes
Nabisco Oreo Cookies,Nabisco Mini Cookies
Nabisco Oreo Cookies,Nabisco Oreo Cookies or Cakesters
Nabisco Oreo Cookies,Nabisco Oreo Sandwich Cookies
Nature Valley Granola Bars or Wafer Bars or Biscuits,Nature Valley Granola Bars or Breakfast Biscuits
Nature Valley Granola Bars or Wafer Bars or Biscuits,Nature Valley Bars
Nature Valley Granola Bars or Wafer Bars or Biscuits,"Nature Valley Granola Bars, Wafer Bars, or Breakfast Biscuits"
Nature Valley Granola Bars or Wafer Bars or Biscuits,Nature Valley Granola Bars
Nature Valley Granola Bars or Wafer Bars or Biscuits,"Nature Valley Granola or Wafer Bars, or Breakfast Biscuits"
Nature Valley Granola Bars or Wafer Bars or Biscuits,Nature Valley Bars or Biscuits
Nature Valley Granola Bars or Wafer Bars or Biscuits,Nature Valley Crunchy Granola Bars
Nature's Own Hamburger Butter Buns,Nature's Own Hamburger Buns
Nature's Path Granola,Nature's Path Organic Granola
Nature's Recipe Dog Food,Nature's Recipe Grain Free Dog Food
Nellie's Free Range Large Eggs,Nellie's Free Range Eggs
Nestle Drumstick Sundae Cones,Nestle Drumstick Sundae Cone or Lil' or Mini Drums or Jonny Pops
New England Coffee: Ground or Pods,New England Coffee Ground Coffee
Nutpods Dairy Free Creamer,Nutpods Creamer
Nutpods Dairy Free Creamer,Nutpods Dairy-Free Coffee Creamer
Nutpods Dairy Free Creamer,Nutpods Shelf Stable Dairy-Free Creamer
Nutrish Food for Cats,Nutrish Dry Food for Cats
O'Doughs Bagel Thins,O'Doughs Sandwich Thins
Ocean Spray Juice Cocktail,Ocean Spray Juice Cocktail or Drink
Ocean Spray Juice Cocktail,Ocean Spray Splash Juice Drink
Old El Paso Taco Dinner Kit,Old El Paso Fajita Dinner Kit
Olli Salumeria Snack Packs,Olli Salumeria Snack Pack
Once Upon A Farm Baby Food,Once Upon A Farm Organic Fruit & Veggie Blend
Once Upon A Farm Baby Food,Once Upon a Farm Organic Fruit & Veggie Blend or Smoothie
Once Upon A Farm Baby Food,Once Upon A Farm Organic Smoothie
Once Upon a Farm Snacks,Once Upon a Farm Organic Snacks
Once Upon a Farm Snacks,Once Upon a Farm Soft-Baked Bars
Once Upon a Farm Snacks,"Once Upon a Farm Tractor Wheels Bars, Veggie Puffs, or Melts"
Orchard Valley Harvest Mix,Orchard Valley Harvest Snack Mix
Ore-Ida Potatoes or Tots,Ore-Ida Potatoes
Oscar Mayer Franks,Oscar Mayer Wieners
Oscar Mayer Franks,Oscar Mayer Selects Turkey Franks
Oscar Mayer Franks,Oscar Mayer Turkey Franks
Outshine Fruit Bars,Outshine Fruit Bars or Magnum Ice Cream Bars
OxiClean Stain Removers,Oxiclean Stain Remover
OxiClean Stain Removers,OxiClean Laundry Stain Remover
Ozark Nut Roasters Nuts,Ozark Nuts
"Pace Salsa, Picante Sauce, or Dip",Pace Chunky Salsa
"Pace Salsa, Picante Sauce, or Dip",Pace Chunky or Picante Salsa or Queso Dip
Panoxyl Acne Products,Panoxyl Acne Foaming Wash
parm crisps,"Parm Crisps Family Size, Original or Four Cheese"
parm crisps,"Parm Crisps, Family Size"
parm crisps,Parm Crisps Cheese Snack
Partake Cookies,Partake Chocolate Chip Cookies
Pedigree Dentastix Dog Treats,Pedigree Dentastix Treats for Dogs
Pedigree Dog Food,Pedigree Food for Dogs
Pepperidge Farm Buns or Rolls,Pepperidge Farm Buns
Pepperidge Farm Farmhouse Bread,Pepperidge Farm Farmhouse Buns
Pepperidge Farm Goldfish Baked Snack Crackers,Pepperidge Farm Goldfish Snack Crackers
"Pete & Gerry's Organic Eggs, Large",Pete & Gerry's Organic Eggs
Peter Pan Peanut Butter,Peter Pan Peanut Butter: Crunchy or Creamy; or 100% Natural Creamy Peanut Butter Spread
Pillsbury Brownie or Cake Mix,Pillsbury Brownie Mix
Pillsbury Brownie or Cake Mix,Pillsbury Cake or Brownie Mix
"Pillsbury Grands! Biscuits or Rolls, Crescents, or Cinni Stix",Pillsbury Crescents
"Pillsbury Grands! Biscuits or Rolls, Crescents, or Cinni Stix",Pillsbury Grands! Biscuits
"Pillsbury Grands! Biscuits or Rolls, Crescents, or Cinni Stix",Pillsbury Grands! or Flaky Layers Biscuits
Pilon Espresso Ground Coffee,Pilon Ground Espresso Coffee
Poly 2 Pocket 3 Tang Folder,Poly 2-Pocket 3-Tang Folder
Pop-Tarts Toaster Pastries,Pop-Tarts Protein Toaster Pastries
Popsicle Ice Pops or Fudgsicle Fudge Bars,Popsicle Ice Pops
Popsicle Ice Pops or Fudgsicle Fudge Bars, Popsicle Ice Pops or Fudgsicle Original Fudge Bars
Post Cereal-All,Post Fruity Pebbles Cereal
Post Cereal-All,Post Cinnamon Pebbles Cereal
Post Cereal-All,Post Great Grains Cereal
Post Cereal-All,Post Honey Bunches of Oats Cereal
Prairie Fresh Pork Loin Back Ribs,"Prairie Fresh Pork Loin Back Ribs, Honey BBQ Seasoned"
Prairie Fresh Pork Loin Back Ribs,Prairie Fresh Pork St. Louis Style Spareribs
Premier Protein Pancake & Waffle Mix,Premier Protein Waffles or Pancakes
Premier Protein Shake,Premier Protein Ready to Drink Protein Shake
Pretzilla Pretzel Bites,Pretzilla Soft Pretzel Bites
Pringles Potato Crisps,Pringles Party Stack Potato Crisps
Promised Land Milk,"Promised Land Milk, Midnight Chocolate"
Propel Water Beverage or Energy Boost Electrolyte Water,Propel Water Beverage
Publix Assorted Pork Loin Chops,Publix Lean Pork Loin Boneless Chops
Publix Assorted Pork Loin Chops,"Publix Lean Pork Loin Boneless Chops, Thinly-Sliced"
Publix Assorted Pork Loin Chops,Publix Pork Loin Chops
Publix Assorted Pork Loin Chops,Publix Pork Loin Rib Chops
Publix Assorted Pork Loin Chops,Publix Pork Loin Rib Chops Thinly-Sliced
Publix Extra Lean Pork Loin Tenderloins,Publix Center-Cut Lean Boneless Pork Loin
Publix Extra Lean Pork Loin Tenderloins,Publix Extra Lean Pork Loin Tenderloin
Publix Ibuprofen Pain Reliever Fever Reducer,Publix Ibuprofen Pain Reliever
Publix Iced Tea,Publix Green Iced Tea
Publix Iced Tea,Publix Raspberry Iced Tea
Publix Panko Breaded Alaskan Pollock Fillets,Publix Panko Breaded Pollock Fillets
Publix Pork Boston Butt Roast,Publix Pork Boston Butt Roast Boneless
Publix Pork Shoulder Blade Steaks,Publix Pork Shoulder Blade Steaks Boneless
Publix Pork Shoulder Country Ribs,Publix Boneless Pork Shoulder Country Ribs
Publix Pork Shoulder Country Ribs,Publix Pork Shoulder Country-Style Ribs
Publix Pork Shoulder Country Ribs,Publix Pork Shoulder Country-Style Ribs Boneless
Publix Pork St. Louis Style Spareribs,Publix St. Louis Style Pork Spareribs
Publix Shrimp,Publix Shrimp Scampi
Pup-Peroni Dog Treats,Pup-Peroni Dog Snacks
Purely Elizabeth. Oatmeal,Purely Elizabeth. Superfood Oatmeal
Purex Crystals In-Wash Fragrance Booster,Purex Crystals Fragrance Booster
Purina Cat Chow or Kitten Chow Cat Food,Purina Cat Chow Cat Food
Purina Tidy Cats Litter,Purina Tidy Cats Cat Litter
Quaker Instant Oatmeal or Instant Grits,Quaker Instant Oats
Quaker Instant Oatmeal or Instant Grits,Quaker Instant Oatmeal
"Quaker Oats, Old Fashioned or Quick 1-Minute",Quaker Oats
Quick Shine Floor Cleaner or Polish,Quick Shine Floor Cleaner
Rachael Ray Nutrish Dog Food,Nutrish Dog Food
Rachael Ray Nutrish Dog Treats or Soup Bones Chew Bones,Nutrish Dog Treats
Rachael Ray Nutrish Dog Treats or Soup Bones Chew Bones,Rachael Ray Nutrish Dog Treats
Rao's Soup,Rao's Slow Simmered Soup
Raw Nutrition Essentials Dietary Supplements,Raw Nutrition Essentials Creatine Monohydrate
Reddi Wip Whipped Topping,Reddi Wip Dairy Whipped Topping
Ritz Cracker Sandwiches,Ritz or Ritz Bits Cracker Sandwiches
Royal Oak Hardwood Lump Charcoal,Royal Oak Charcoal
Russell Stover Sugar Free Candy,Russell Stover Sugar Free Candies
Sabatino Tartufi Truffle Zest Seasoning,Sabatino Tartufi Zest Truffle Seasoning
Sabra Hummus,Sabra Hummus Singles
Sabra Hummus,Sabra Hummus Snackers
Sabra Hummus,Sabra Snackers
Samyang Buldak Spicy Ramen,Samyang Buldak Ramen
Sara Lee Cheesecake or Pound Cake,Sara Lee Pound Cake
Sargento Balanced Breaks Snacks,Sargento Balanced Breaks Snack
Schwarzkopf Keratin Root Spray,Schwarzkopf Root Spray
Sharpie Permanent Markers,Sharpie Permanent Marker
Sharpie Pocket Highlighters,"Sharpie Pocket Highlighters, Assorted Pastel Colors"
Shout Laundry Stain Remover,Shout Stain Removers
Siete Corn Taco Shells,Siete Taco Shells
Slate Ultra Protein Shake,Slate Ultra-Filtered Milk + Coffee
Slate Ultra Protein Shake,Slate Ready to Drink Protein Shake
Smithfield Anytime Favorites Ham Steak,Smithfield Anytime Favorites Smoked Ham
Snapple Tea or Juice Drink,Snapple Tea
Snickers or Twix Ice Cream Bars,"Snickers or Twix Ice Cream Bars or Nick's, Phillyswirl, Baskin-Robbins, or Halo Top Ice Cream"
Snyder's of Hanover Pretzels,Snyder's of Hanover Family Size Pretzels
Snyder's of Hanover Pretzels,Snyder's of Hanover Pretzel Pieces
So Good So You Organic Probiotic Juice Shot,So Good So You Organic Cold-Pressed Juice
Softsoap or Irish Spring Body Wash,Softsoap Body Wash
Sour Patch Kids Assorted Candy,Sour Patch Kids Gummies
Sour Patch Kids Assorted Candy,Sour Patch Kids Soft & Chewy Candy
Spindrift Sparkling Water,Spindrift Sparkling Water & Real Squeezed Fruit
Splenda Sweetener,Splenda Sweeteners
Springer Mountain Farms Chicken Breasts,Springer Mountain Farms Chicken Breast
Springer Mountain Farms Ground Chicken Breast,Springer Mountain Farms Ground Chicken
St. Dalfour Fruit Spread,St. Dalfour Fruit Spread or Marmalade
Stacy's Pita Chips or Thins or Bagel Chips,Stacy's Pita Chips
Stacy's Pita Chips or Thins or Bagel Chips,Stacy's Sharing Size Pita Chips
Stella & Chewy's Meal Mixers for Dogs,Stella & Chewy's Meal Mixers or Topper for Dogs
Stonefire Naan,Stonefire Naan Dippers
Strawberries,Strawberries or Blueberries
Sunny D Citrus Punch,Sunny D Orange Flavored Citrus Punch
Sunset Angel Sweet Tomatoes,Sunset One Sweet Tomatoes
Sweet Baby Ray's Gourmet Sauces,Sweet Baby Ray's Barbeque Sauce
Sweet Baby Ray's Gourmet Sauces,Sweet Baby Ray's Barbecue Sauce
Sweet Baby Ray's Gourmet Sauces,Sweet Baby Ray's Gourmet Sauces Barbecue Sauce
Talenti Gelato,Talenti Gelato or Gelato Layers
Tasty Bite-All,Tasty Bite Bowl
Tasty Bite-All,Tasty Bite Organic Rice
Tasty Bite-All,Tasty Bite Organic Tikka Masala
Tasty Bite-All,Tasty Bite Potatoes
Tasty Bite-All,Tasty Bite Simmer Sauce
The Ginger People Gin Gins Ginger Candy,The Ginger People Ginger Candy
Think! High Protein Bar,Think! Protein Bars
Tide or Gain Laundry Detergent,Tide Pods or Gain Flings! Laundry Detergent
Tony's Chocolonely Chocolate Bar,Tony's Chocolonely Milk Chocolate Bar
Too Good & Co. Coffee Creamer,Too Good Coffee Creamer
Toom Garlic Dip,Toom Garlic Dip Minis
Top Cup Aluminum Cups,Top Cup Aluminum Cup
Top Flight Filler Paper,Poly 3 Tang Folder or Top Flight Filler Paper
Totino's Pizza Rolls,Totino's Pizza Rolls or Party Pizza
Totino's Pizza Rolls,Totino's Pizza Rolls or Pizza
Totino's Pizza Rolls,Totino's Pizza Rolls or Pizza or Tast!ez Snacks
Tree Hut Products,Tree Hut Sugar Scrub
Triscuit or Nabisco Wheat Thins Crackers,Triscuit Crackers
Truly Grass-Fed Irish Cheddar Wedge,Truly Grass Fed Irish Cheddar Wedge Cheese
Truvia Sweeteners,Truvia Calorie-Free Sweetener
Tyson Breaded Chicken,Tyson Breaded Chicken Strips
Tyson Breaded Chicken,Tyson Chicken Bites
Tyson Breaded Chicken,Tyson Chicken Nuggets
Tyson Breaded Chicken,Tyson Restaurant Style Chicken
Unreal Chocolates,Unreal Chocolate
Unreal Chocolates,Unreal Dark Chocolate
Unreal Chocolates,Unreal Dark Chocolate Covered Pretzels
Utz Potato Chips,Utz Family Size Potato Chips
Utz Potato Chips,Utz Party Size! Potato Chips
Vagisil Feminine Wash,Vagisil Femenine Wash
Van Holten's Pickles,Van Holten's Pickle
Velveeta Shells & Cheese,Velveeta Shells & Cheese Dinner
Village Candle Wax Melts,Village Candle Melts
Vine to Bar Dark Chocolate,Vine to Bar Dark Chocolate Blended With Wellvine Wrapped Squares
Violife Just Like Cheese,Violife Just Like Shreds and Slices
Vita Classic Atlantic Nova Salmon,Vita Classic Smoked Atlantic Salmon
Weber Seasonings or Dry Rub,Weber Seasoning
Werther's Original Caramel Candies,Werther's Original Caramel Hard Candies
"Westcott Kids 5"" Scissor","Westcott Kids 5"" Scissor, Blunt or Pointed"
Whole Fruit Fruit Bars,Whole Fruit Fruit Bars or Budget Savers Popsicles
Whole Fruit Fruit Bars,Whole Fruit Fruit Bars or Organic Frozen Juice Tubes
Windex Cleaner,Windex Cleaners
Wonder Classic Buns,Wonder Buns
Woodford Reserve Bourbon Whiskey,Woodford Reserve Bourbon
Wow Bao Soup Dumplings,Wow Bao Dumplings Soup
Yellow Yak Dog Treats,Yellow Yak Dog Treat
Yoplait Go-Gurt,Yoplait Go-Gurt or Simply Go-Gurt Yogurt
Yoplait Yogurt,Yoplait Original Yogurt
Yummy Dino Buddies Chicken Breast Nuggets,Yummy Chicken Nuggets
Zatarain's Rice,Zatarain's Rice Sides
Zephyrhills Spring Water or Pure Life Purified Water,Pure Life Water
Zephyrhills Spring Water or Pure Life Purified Water,Pure Life Purified Water
Zephyrhills Spring Water or Pure Life Purified Water,Zephyrhills Florida Spring Water
Zephyrhills Spring Water or Pure Life Purified Water,Zephyrhills Natural Spring Water
Zephyrhills Spring Water or Pure Life Purified Water,Zephyrhills Spring Water